week_start,year_week,product_id,product_name,category,actual_demand,forecast,forecast_error,ape,month
2023-01-02,2023-W01,PIPE-001,Copper Pipe 15mm,Pipes,113,111,-2,0.0176991150442477,2023-01
2023-01-09,2023-W02,PIPE-001,Copper Pipe 15mm,Pipes,125,119,-6,0.048,2023-01
2023-01-16,2023-W03,PIPE-001,Copper Pipe 15mm,Pipes,127,147,20,0.1574803149606299,2023-01
2023-01-23,2023-W04,PIPE-001,Copper Pipe 15mm,Pipes,127,144,17,0.1338582677165354,2023-01
2023-01-30,2023-W05,PIPE-001,Copper Pipe 15mm,Pipes,114,112,-2,0.0175438596491228,2023-01
2023-02-06,2023-W06,PIPE-001,Copper Pipe 15mm,Pipes,125,111,-14,0.112,2023-02
2023-02-13,2023-W07,PIPE-001,Copper Pipe 15mm,Pipes,173,199,26,0.1502890173410404,2023-02
2023-02-20,2023-W08,PIPE-001,Copper Pipe 15mm,Pipes,158,168,10,0.0632911392405063,2023-02
2023-02-27,2023-W09,PIPE-001,Copper Pipe 15mm,Pipes,157,139,-18,0.1146496815286624,2023-02
2023-03-06,2023-W10,PIPE-001,Copper Pipe 15mm,Pipes,165,159,-6,0.0363636363636363,2023-03
2023-03-13,2023-W11,PIPE-001,Copper Pipe 15mm,Pipes,153,173,20,0.130718954248366,2023-03
2023-03-20,2023-W12,PIPE-001,Copper Pipe 15mm,Pipes,171,148,-23,0.1345029239766081,2023-03
2023-03-27,2023-W13,PIPE-001,Copper Pipe 15mm,Pipes,151,152,1,0.0066225165562913,2023-03
2023-04-03,2023-W14,PIPE-001,Copper Pipe 15mm,Pipes,142,133,-9,0.0633802816901408,2023-04
2023-04-10,2023-W15,PIPE-001,Copper Pipe 15mm,Pipes,143,144,1,0.0069930069930069,2023-04
2023-04-17,2023-W16,PIPE-001,Copper Pipe 15mm,Pipes,153,170,17,0.1111111111111111,2023-04
2023-04-24,2023-W17,PIPE-001,Copper Pipe 15mm,Pipes,148,149,1,0.0067567567567567,2023-04
2023-05-01,2023-W18,PIPE-001,Copper Pipe 15mm,Pipes,161,173,12,0.0745341614906832,2023-05
2023-05-08,2023-W19,PIPE-001,Copper Pipe 15mm,Pipes,119,125,6,0.0504201680672268,2023-05
2023-05-15,2023-W20,PIPE-001,Copper Pipe 15mm,Pipes,167,195,28,0.1676646706586826,2023-05
2023-05-22,2023-W21,PIPE-001,Copper Pipe 15mm,Pipes,153,150,-3,0.0196078431372549,2023-05
2023-05-29,2023-W22,PIPE-001,Copper Pipe 15mm,Pipes,144,149,5,0.0347222222222222,2023-05
2023-06-05,2023-W23,PIPE-001,Copper Pipe 15mm,Pipes,141,133,-8,0.0567375886524822,2023-06
2023-06-12,2023-W24,PIPE-001,Copper Pipe 15mm,Pipes,141,164,23,0.1631205673758865,2023-06
2023-06-19,2023-W25,PIPE-001,Copper Pipe 15mm,Pipes,158,176,18,0.1139240506329113,2023-06
2023-06-26,2023-W26,PIPE-001,Copper Pipe 15mm,Pipes,164,146,-18,0.1097560975609756,2023-06
2023-07-03,2023-W27,PIPE-001,Copper Pipe 15mm,Pipes,133,127,-6,0.0451127819548872,2023-07
2023-07-10,2023-W28,PIPE-001,Copper Pipe 15mm,Pipes,144,161,17,0.1180555555555555,2023-07
2023-07-17,2023-W29,PIPE-001,Copper Pipe 15mm,Pipes,136,120,-16,0.1176470588235294,2023-07
2023-07-24,2023-W30,PIPE-001,Copper Pipe 15mm,Pipes,135,157,22,0.1629629629629629,2023-07
2023-07-31,2023-W31,PIPE-001,Copper Pipe 15mm,Pipes,129,112,-17,0.1317829457364341,2023-07
2023-08-07,2023-W32,PIPE-001,Copper Pipe 15mm,Pipes,119,107,-12,0.1008403361344537,2023-08
2023-08-14,2023-W33,PIPE-001,Copper Pipe 15mm,Pipes,115,111,-4,0.0347826086956521,2023-08
2023-08-21,2023-W34,PIPE-001,Copper Pipe 15mm,Pipes,116,109,-7,0.0603448275862069,2023-08
2023-08-28,2023-W35,PIPE-001,Copper Pipe 15mm,Pipes,124,122,-2,0.0161290322580645,2023-08
2023-09-04,2023-W36,PIPE-001,Copper Pipe 15mm,Pipes,90,105,15,0.1666666666666666,2023-09
2023-09-11,2023-W37,PIPE-001,Copper Pipe 15mm,Pipes,114,107,-7,0.0614035087719298,2023-09
2023-09-18,2023-W38,PIPE-001,Copper Pipe 15mm,Pipes,110,96,-14,0.1272727272727272,2023-09
2023-09-25,2023-W39,PIPE-001,Copper Pipe 15mm,Pipes,83,76,-7,0.0843373493975903,2023-09
2023-10-02,2023-W40,PIPE-001,Copper Pipe 15mm,Pipes,98,114,16,0.1632653061224489,2023-10
2023-10-09,2023-W41,PIPE-001,Copper Pipe 15mm,Pipes,86,78,-8,0.0930232558139534,2023-10
2023-10-16,2023-W42,PIPE-001,Copper Pipe 15mm,Pipes,97,91,-6,0.0618556701030927,2023-10
2023-10-23,2023-W43,PIPE-001,Copper Pipe 15mm,Pipes,111,105,-6,0.054054054054054,2023-10
2023-10-30,2023-W44,PIPE-001,Copper Pipe 15mm,Pipes,87,80,-7,0.0804597701149425,2023-10
2023-11-06,2023-W45,PIPE-001,Copper Pipe 15mm,Pipes,99,87,-12,0.1212121212121212,2023-11
2023-11-13,2023-W46,PIPE-001,Copper Pipe 15mm,Pipes,95,81,-14,0.1473684210526315,2023-11
2023-11-20,2023-W47,PIPE-001,Copper Pipe 15mm,Pipes,100,110,10,0.1,2023-11
2023-11-27,2023-W48,PIPE-001,Copper Pipe 15mm,Pipes,107,119,12,0.1121495327102803,2023-11
2023-12-04,2023-W49,PIPE-001,Copper Pipe 15mm,Pipes,94,84,-10,0.1063829787234042,2023-12
2023-12-11,2023-W50,PIPE-001,Copper Pipe 15mm,Pipes,121,132,11,0.0909090909090909,2023-12
2023-12-18,2023-W51,PIPE-001,Copper Pipe 15mm,Pipes,137,116,-21,0.1532846715328467,2023-12
2023-12-25,2023-W52,PIPE-001,Copper Pipe 15mm,Pipes,130,150,20,0.1538461538461538,2023-12
2024-01-01,2024-W00,PIPE-001,Copper Pipe 15mm,Pipes,132,129,-3,0.0227272727272727,2024-01
2024-01-08,2024-W01,PIPE-001,Copper Pipe 15mm,Pipes,126,107,-19,0.1507936507936507,2024-01
2024-01-15,2024-W02,PIPE-001,Copper Pipe 15mm,Pipes,157,176,19,0.1210191082802547,2024-01
2024-01-22,2024-W03,PIPE-001,Copper Pipe 15mm,Pipes,134,152,18,0.1343283582089552,2024-01
2024-01-29,2024-W04,PIPE-001,Copper Pipe 15mm,Pipes,166,145,-21,0.1265060240963855,2024-01
2024-02-05,2024-W05,PIPE-001,Copper Pipe 15mm,Pipes,149,150,1,0.0067114093959731,2024-02
2024-02-12,2024-W06,PIPE-001,Copper Pipe 15mm,Pipes,146,139,-7,0.047945205479452,2024-02
2024-02-19,2024-W07,PIPE-001,Copper Pipe 15mm,Pipes,136,134,-2,0.0147058823529411,2024-02
2024-02-26,2024-W08,PIPE-001,Copper Pipe 15mm,Pipes,166,162,-4,0.0240963855421686,2024-02
2024-03-04,2024-W09,PIPE-001,Copper Pipe 15mm,Pipes,168,197,29,0.1726190476190476,2024-03
2024-03-11,2024-W10,PIPE-001,Copper Pipe 15mm,Pipes,166,176,10,0.0602409638554216,2024-03
2024-03-18,2024-W11,PIPE-001,Copper Pipe 15mm,Pipes,192,169,-23,0.1197916666666666,2024-03
2024-03-25,2024-W12,PIPE-001,Copper Pipe 15mm,Pipes,170,199,29,0.1705882352941176,2024-03
2024-04-01,2024-W13,PIPE-001,Copper Pipe 15mm,Pipes,190,201,11,0.0578947368421052,2024-04
2024-04-08,2024-W14,PIPE-001,Copper Pipe 15mm,Pipes,178,171,-7,0.0393258426966292,2024-04
2024-04-15,2024-W15,PIPE-001,Copper Pipe 15mm,Pipes,179,167,-12,0.0670391061452514,2024-04
2024-04-22,2024-W16,PIPE-001,Copper Pipe 15mm,Pipes,151,140,-11,0.0728476821192053,2024-04
2024-04-29,2024-W17,PIPE-001,Copper Pipe 15mm,Pipes,129,147,18,0.1395348837209302,2024-04
2024-05-06,2024-W18,PIPE-001,Copper Pipe 15mm,Pipes,174,194,20,0.1149425287356321,2024-05
2024-05-13,2024-W19,PIPE-001,Copper Pipe 15mm,Pipes,168,173,5,0.0297619047619047,2024-05
2024-05-20,2024-W20,PIPE-001,Copper Pipe 15mm,Pipes,167,190,23,0.1377245508982036,2024-05
2024-05-27,2024-W21,PIPE-001,Copper Pipe 15mm,Pipes,179,173,-6,0.0335195530726257,2024-05
2024-06-03,2024-W22,PIPE-001,Copper Pipe 15mm,Pipes,136,140,4,0.0294117647058823,2024-06
2024-06-10,2024-W23,PIPE-001,Copper Pipe 15mm,Pipes,127,131,4,0.0314960629921259,2024-06
2024-06-17,2024-W24,PIPE-001,Copper Pipe 15mm,Pipes,125,144,19,0.152,2024-06
2024-06-24,2024-W25,PIPE-001,Copper Pipe 15mm,Pipes,155,161,6,0.0387096774193548,2024-06
2024-07-01,2024-W26,PIPE-001,Copper Pipe 15mm,Pipes,163,179,16,0.0981595092024539,2024-07
2024-07-08,2024-W27,PIPE-001,Copper Pipe 15mm,Pipes,124,144,20,0.1612903225806451,2024-07
2024-07-15,2024-W28,PIPE-001,Copper Pipe 15mm,Pipes,125,124,-1,0.008,2024-07
2024-07-22,2024-W29,PIPE-001,Copper Pipe 15mm,Pipes,139,140,1,0.0071942446043165,2024-07
2024-07-29,2024-W30,PIPE-001,Copper Pipe 15mm,Pipes,136,158,22,0.1617647058823529,2024-07
2024-08-05,2024-W31,PIPE-001,Copper Pipe 15mm,Pipes,132,133,1,0.0075757575757575,2024-08
2024-08-12,2024-W32,PIPE-001,Copper Pipe 15mm,Pipes,128,109,-19,0.1484375,2024-08
2024-08-19,2024-W33,PIPE-001,Copper Pipe 15mm,Pipes,109,94,-15,0.1376146788990825,2024-08
2024-08-26,2024-W34,PIPE-001,Copper Pipe 15mm,Pipes,123,126,3,0.024390243902439,2024-08
2024-09-02,2024-W35,PIPE-001,Copper Pipe 15mm,Pipes,93,80,-13,0.1397849462365591,2024-09
2024-09-09,2024-W36,PIPE-001,Copper Pipe 15mm,Pipes,110,115,5,0.0454545454545454,2024-09
2024-09-16,2024-W37,PIPE-001,Copper Pipe 15mm,Pipes,96,86,-10,0.1041666666666666,2024-09
2024-09-23,2024-W38,PIPE-001,Copper Pipe 15mm,Pipes,119,140,21,0.1764705882352941,2024-09
2024-09-30,2024-W39,PIPE-001,Copper Pipe 15mm,Pipes,108,126,18,0.1666666666666666,2024-09
2024-10-07,2024-W40,PIPE-001,Copper Pipe 15mm,Pipes,103,110,7,0.0679611650485436,2024-10
2024-10-14,2024-W41,PIPE-001,Copper Pipe 15mm,Pipes,115,113,-2,0.017391304347826,2024-10
2024-10-21,2024-W42,PIPE-001,Copper Pipe 15mm,Pipes,91,95,4,0.0439560439560439,2024-10
2024-10-28,2024-W43,PIPE-001,Copper Pipe 15mm,Pipes,117,119,2,0.017094017094017,2024-10
2024-11-04,2024-W44,PIPE-001,Copper Pipe 15mm,Pipes,98,94,-4,0.0408163265306122,2024-11
2024-11-11,2024-W45,PIPE-001,Copper Pipe 15mm,Pipes,85,89,4,0.0470588235294117,2024-11
2024-11-18,2024-W46,PIPE-001,Copper Pipe 15mm,Pipes,118,129,11,0.0932203389830508,2024-11
2024-11-25,2024-W47,PIPE-001,Copper Pipe 15mm,Pipes,124,142,18,0.1451612903225806,2024-11
2024-12-02,2024-W48,PIPE-001,Copper Pipe 15mm,Pipes,129,118,-11,0.0852713178294573,2024-12
2024-12-09,2024-W49,PIPE-001,Copper Pipe 15mm,Pipes,135,143,8,0.0592592592592592,2024-12
2024-12-16,2024-W50,PIPE-001,Copper Pipe 15mm,Pipes,147,165,18,0.1224489795918367,2024-12
2024-12-23,2024-W51,PIPE-001,Copper Pipe 15mm,Pipes,125,136,11,0.088,2024-12
2024-12-30,2024-W52,PIPE-001,Copper Pipe 15mm,Pipes,139,151,12,0.0863309352517985,2024-12
2023-01-02,2023-W01,PIPE-002,Steel Pipe 22mm,Pipes,120,130,10,0.0833333333333333,2023-01
2023-01-09,2023-W02,PIPE-002,Steel Pipe 22mm,Pipes,94,90,-4,0.0425531914893617,2023-01
2023-01-16,2023-W03,PIPE-002,Steel Pipe 22mm,Pipes,105,99,-6,0.0571428571428571,2023-01
2023-01-23,2023-W04,PIPE-002,Steel Pipe 22mm,Pipes,117,109,-8,0.0683760683760683,2023-01
2023-01-30,2023-W05,PIPE-002,Steel Pipe 22mm,Pipes,103,102,-1,0.0097087378640776,2023-01
2023-02-06,2023-W06,PIPE-002,Steel Pipe 22mm,Pipes,128,125,-3,0.0234375,2023-02
2023-02-13,2023-W07,PIPE-002,Steel Pipe 22mm,Pipes,126,110,-16,0.1269841269841269,2023-02
2023-02-20,2023-W08,PIPE-002,Steel Pipe 22mm,Pipes,130,136,6,0.0461538461538461,2023-02
2023-02-27,2023-W09,PIPE-002,Steel Pipe 22mm,Pipes,118,116,-2,0.0169491525423728,2023-02
2023-03-06,2023-W10,PIPE-002,Steel Pipe 22mm,Pipes,131,133,2,0.015267175572519,2023-03
2023-03-13,2023-W11,PIPE-002,Steel Pipe 22mm,Pipes,139,141,2,0.014388489208633,2023-03
2023-03-20,2023-W12,PIPE-002,Steel Pipe 22mm,Pipes,124,115,-9,0.0725806451612903,2023-03
2023-03-27,2023-W13,PIPE-002,Steel Pipe 22mm,Pipes,149,135,-14,0.0939597315436241,2023-03
2023-04-03,2023-W14,PIPE-002,Steel Pipe 22mm,Pipes,137,125,-12,0.0875912408759124,2023-04
2023-04-10,2023-W15,PIPE-002,Steel Pipe 22mm,Pipes,131,132,1,0.0076335877862595,2023-04
2023-04-17,2023-W16,PIPE-002,Steel Pipe 22mm,Pipes,163,147,-16,0.0981595092024539,2023-04
2023-04-24,2023-W17,PIPE-002,Steel Pipe 22mm,Pipes,151,168,17,0.1125827814569536,2023-04
2023-05-01,2023-W18,PIPE-002,Steel Pipe 22mm,Pipes,141,138,-3,0.0212765957446808,2023-05
2023-05-08,2023-W19,PIPE-002,Steel Pipe 22mm,Pipes,152,137,-15,0.0986842105263157,2023-05
2023-05-15,2023-W20,PIPE-002,Steel Pipe 22mm,Pipes,136,140,4,0.0294117647058823,2023-05
2023-05-22,2023-W21,PIPE-002,Steel Pipe 22mm,Pipes,136,134,-2,0.0147058823529411,2023-05
2023-05-29,2023-W22,PIPE-002,Steel Pipe 22mm,Pipes,140,125,-15,0.1071428571428571,2023-05
2023-06-05,2023-W23,PIPE-002,Steel Pipe 22mm,Pipes,156,176,20,0.1282051282051282,2023-06
2023-06-12,2023-W24,PIPE-002,Steel Pipe 22mm,Pipes,156,161,5,0.032051282051282,2023-06
2023-06-19,2023-W25,PIPE-002,Steel Pipe 22mm,Pipes,123,123,0,0.0,2023-06
2023-06-26,2023-W26,PIPE-002,Steel Pipe 22mm,Pipes,167,146,-21,0.1257485029940119,2023-06
2023-07-03,2023-W27,PIPE-002,Steel Pipe 22mm,Pipes,127,135,8,0.0629921259842519,2023-07
2023-07-10,2023-W28,PIPE-002,Steel Pipe 22mm,Pipes,133,132,-1,0.0075187969924812,2023-07
2023-07-17,2023-W29,PIPE-002,Steel Pipe 22mm,Pipes,119,116,-3,0.0252100840336134,2023-07
2023-07-24,2023-W30,PIPE-002,Steel Pipe 22mm,Pipes,129,115,-14,0.1085271317829457,2023-07
2023-07-31,2023-W31,PIPE-002,Steel Pipe 22mm,Pipes,115,115,0,0.0,2023-07
2023-08-07,2023-W32,PIPE-002,Steel Pipe 22mm,Pipes,105,105,0,0.0,2023-08
2023-08-14,2023-W33,PIPE-002,Steel Pipe 22mm,Pipes,125,147,22,0.176,2023-08
2023-08-21,2023-W34,PIPE-002,Steel Pipe 22mm,Pipes,126,124,-2,0.0158730158730158,2023-08
2023-08-28,2023-W35,PIPE-002,Steel Pipe 22mm,Pipes,122,134,12,0.0983606557377049,2023-08
2023-09-04,2023-W36,PIPE-002,Steel Pipe 22mm,Pipes,100,112,12,0.12,2023-09
2023-09-11,2023-W37,PIPE-002,Steel Pipe 22mm,Pipes,91,87,-4,0.0439560439560439,2023-09
2023-09-18,2023-W38,PIPE-002,Steel Pipe 22mm,Pipes,119,124,5,0.042016806722689,2023-09
2023-09-25,2023-W39,PIPE-002,Steel Pipe 22mm,Pipes,116,112,-4,0.0344827586206896,2023-09
2023-10-02,2023-W40,PIPE-002,Steel Pipe 22mm,Pipes,83,72,-11,0.1325301204819277,2023-10
2023-10-09,2023-W41,PIPE-002,Steel Pipe 22mm,Pipes,112,131,19,0.1696428571428571,2023-10
2023-10-16,2023-W42,PIPE-002,Steel Pipe 22mm,Pipes,99,105,6,0.0606060606060606,2023-10
2023-10-23,2023-W43,PIPE-002,Steel Pipe 22mm,Pipes,111,106,-5,0.045045045045045,2023-10
2023-10-30,2023-W44,PIPE-002,Steel Pipe 22mm,Pipes,89,85,-4,0.0449438202247191,2023-10
2023-11-06,2023-W45,PIPE-002,Steel Pipe 22mm,Pipes,102,100,-2,0.0196078431372549,2023-11
2023-11-13,2023-W46,PIPE-002,Steel Pipe 22mm,Pipes,111,128,17,0.1531531531531531,2023-11
2023-11-20,2023-W47,PIPE-002,Steel Pipe 22mm,Pipes,131,113,-18,0.1374045801526717,2023-11
2023-11-27,2023-W48,PIPE-002,Steel Pipe 22mm,Pipes,141,162,21,0.1489361702127659,2023-11
2023-12-04,2023-W49,PIPE-002,Steel Pipe 22mm,Pipes,126,109,-17,0.1349206349206349,2023-12
2023-12-11,2023-W50,PIPE-002,Steel Pipe 22mm,Pipes,139,129,-10,0.0719424460431654,2023-12
2023-12-18,2023-W51,PIPE-002,Steel Pipe 22mm,Pipes,129,146,17,0.1317829457364341,2023-12
2023-12-25,2023-W52,PIPE-002,Steel Pipe 22mm,Pipes,129,128,-1,0.0077519379844961,2023-12
2024-01-01,2024-W00,PIPE-002,Steel Pipe 22mm,Pipes,153,132,-21,0.1372549019607843,2024-01
2024-01-08,2024-W01,PIPE-002,Steel Pipe 22mm,Pipes,145,124,-21,0.1448275862068965,2024-01
2024-01-15,2024-W02,PIPE-002,Steel Pipe 22mm,Pipes,159,171,12,0.0754716981132075,2024-01
2024-01-22,2024-W03,PIPE-002,Steel Pipe 22mm,Pipes,132,121,-11,0.0833333333333333,2024-01
2024-01-29,2024-W04,PIPE-002,Steel Pipe 22mm,Pipes,148,128,-20,0.1351351351351351,2024-01
2024-02-05,2024-W05,PIPE-002,Steel Pipe 22mm,Pipes,200,203,3,0.015,2024-02
2024-02-12,2024-W06,PIPE-002,Steel Pipe 22mm,Pipes,188,210,22,0.1170212765957446,2024-02
2024-02-19,2024-W07,PIPE-002,Steel Pipe 22mm,Pipes,175,149,-26,0.1485714285714285,2024-02
2024-02-26,2024-W08,PIPE-002,Steel Pipe 22mm,Pipes,187,201,14,0.0748663101604278,2024-02
2024-03-04,2024-W09,PIPE-002,Steel Pipe 22mm,Pipes,214,227,13,0.0607476635514018,2024-03
2024-03-11,2024-W10,PIPE-002,Steel Pipe 22mm,Pipes,149,143,-6,0.0402684563758389,2024-03
2024-03-18,2024-W11,PIPE-002,Steel Pipe 22mm,Pipes,181,176,-5,0.0276243093922651,2024-03
2024-03-25,2024-W12,PIPE-002,Steel Pipe 22mm,Pipes,175,161,-14,0.08,2024-03
2024-04-01,2024-W13,PIPE-002,Steel Pipe 22mm,Pipes,166,142,-24,0.144578313253012,2024-04
2024-04-08,2024-W14,PIPE-002,Steel Pipe 22mm,Pipes,235,224,-11,0.0468085106382978,2024-04
2024-04-15,2024-W15,PIPE-002,Steel Pipe 22mm,Pipes,207,225,18,0.0869565217391304,2024-04
2024-04-22,2024-W16,PIPE-002,Steel Pipe 22mm,Pipes,215,232,17,0.0790697674418604,2024-04
2024-04-29,2024-W17,PIPE-002,Steel Pipe 22mm,Pipes,185,173,-12,0.0648648648648648,2024-04
2024-05-06,2024-W18,PIPE-002,Steel Pipe 22mm,Pipes,187,210,23,0.1229946524064171,2024-05
2024-05-13,2024-W19,PIPE-002,Steel Pipe 22mm,Pipes,193,164,-29,0.1502590673575129,2024-05
2024-05-20,2024-W20,PIPE-002,Steel Pipe 22mm,Pipes,202,181,-21,0.1039603960396039,2024-05
2024-05-27,2024-W21,PIPE-002,Steel Pipe 22mm,Pipes,211,184,-27,0.1279620853080568,2024-05
2024-06-03,2024-W22,PIPE-002,Steel Pipe 22mm,Pipes,149,173,24,0.1610738255033557,2024-06
2024-06-10,2024-W23,PIPE-002,Steel Pipe 22mm,Pipes,195,215,20,0.1025641025641025,2024-06
2024-06-17,2024-W24,PIPE-002,Steel Pipe 22mm,Pipes,179,196,17,0.0949720670391061,2024-06
2024-06-24,2024-W25,PIPE-002,Steel Pipe 22mm,Pipes,213,225,12,0.056338028169014,2024-06
2024-07-01,2024-W26,PIPE-002,Steel Pipe 22mm,Pipes,186,196,10,0.053763440860215,2024-07
2024-07-08,2024-W27,PIPE-002,Steel Pipe 22mm,Pipes,169,184,15,0.0887573964497041,2024-07
2024-07-15,2024-W28,PIPE-002,Steel Pipe 22mm,Pipes,166,183,17,0.1024096385542168,2024-07
2024-07-22,2024-W29,PIPE-002,Steel Pipe 22mm,Pipes,161,141,-20,0.124223602484472,2024-07
2024-07-29,2024-W30,PIPE-002,Steel Pipe 22mm,Pipes,174,175,1,0.0057471264367816,2024-07
2024-08-05,2024-W31,PIPE-002,Steel Pipe 22mm,Pipes,165,164,-1,0.006060606060606,2024-08
2024-08-12,2024-W32,PIPE-002,Steel Pipe 22mm,Pipes,148,153,5,0.0337837837837837,2024-08
2024-08-19,2024-W33,PIPE-002,Steel Pipe 22mm,Pipes,140,147,7,0.05,2024-08
2024-08-26,2024-W34,PIPE-002,Steel Pipe 22mm,Pipes,149,167,18,0.1208053691275167,2024-08
2024-09-02,2024-W35,PIPE-002,Steel Pipe 22mm,Pipes,138,144,6,0.0434782608695652,2024-09
2024-09-09,2024-W36,PIPE-002,Steel Pipe 22mm,Pipes,119,107,-12,0.1008403361344537,2024-09
2024-09-16,2024-W37,PIPE-002,Steel Pipe 22mm,Pipes,116,105,-11,0.0948275862068965,2024-09
2024-09-23,2024-W38,PIPE-002,Steel Pipe 22mm,Pipes,128,136,8,0.0625,2024-09
2024-09-30,2024-W39,PIPE-002,Steel Pipe 22mm,Pipes,157,138,-19,0.1210191082802547,2024-09
2024-10-07,2024-W40,PIPE-002,Steel Pipe 22mm,Pipes,146,167,21,0.1438356164383561,2024-10
2024-10-14,2024-W41,PIPE-002,Steel Pipe 22mm,Pipes,110,110,0,0.0,2024-10
2024-10-21,2024-W42,PIPE-002,Steel Pipe 22mm,Pipes,119,116,-3,0.0252100840336134,2024-10
2024-10-28,2024-W43,PIPE-002,Steel Pipe 22mm,Pipes,142,157,15,0.1056338028169014,2024-10
2024-11-04,2024-W44,PIPE-002,Steel Pipe 22mm,Pipes,133,153,20,0.150375939849624,2024-11
2024-11-11,2024-W45,PIPE-002,Steel Pipe 22mm,Pipes,145,136,-9,0.0620689655172413,2024-11
2024-11-18,2024-W46,PIPE-002,Steel Pipe 22mm,Pipes,118,132,14,0.1186440677966101,2024-11
2024-11-25,2024-W47,PIPE-002,Steel Pipe 22mm,Pipes,140,134,-6,0.0428571428571428,2024-11
2024-12-02,2024-W48,PIPE-002,Steel Pipe 22mm,Pipes,156,149,-7,0.0448717948717948,2024-12
2024-12-09,2024-W49,PIPE-002,Steel Pipe 22mm,Pipes,173,181,8,0.0462427745664739,2024-12
2024-12-16,2024-W50,PIPE-002,Steel Pipe 22mm,Pipes,165,186,21,0.1272727272727272,2024-12
2024-12-23,2024-W51,PIPE-002,Steel Pipe 22mm,Pipes,161,160,-1,0.0062111801242236,2024-12
2024-12-30,2024-W52,PIPE-002,Steel Pipe 22mm,Pipes,132,112,-20,0.1515151515151515,2024-12
2023-01-02,2023-W01,VALV-001,"Ball Valve 1/2""",Valves,235,214,-21,0.0893617021276595,2023-01
2023-01-09,2023-W02,VALV-001,"Ball Valve 1/2""",Valves,265,262,-3,0.0113207547169811,2023-01
2023-01-16,2023-W03,VALV-001,"Ball Valve 1/2""",Valves,279,293,14,0.050179211469534,2023-01
2023-01-23,2023-W04,VALV-001,"Ball Valve 1/2""",Valves,248,243,-5,0.0201612903225806,2023-01
2023-01-30,2023-W05,VALV-001,"Ball Valve 1/2""",Valves,219,236,17,0.0776255707762557,2023-01
2023-02-06,2023-W06,VALV-001,"Ball Valve 1/2""",Valves,254,269,15,0.0590551181102362,2023-02
2023-02-13,2023-W07,VALV-001,"Ball Valve 1/2""",Valves,242,226,-16,0.0661157024793388,2023-02
2023-02-20,2023-W08,VALV-001,"Ball Valve 1/2""",Valves,310,341,31,0.1,2023-02
2023-02-27,2023-W09,VALV-001,"Ball Valve 1/2""",Valves,265,278,13,0.0490566037735849,2023-02
2023-03-06,2023-W10,VALV-001,"Ball Valve 1/2""",Valves,341,331,-10,0.0293255131964809,2023-03
2023-03-13,2023-W11,VALV-001,"Ball Valve 1/2""",Valves,323,347,24,0.0743034055727554,2023-03
2023-03-20,2023-W12,VALV-001,"Ball Valve 1/2""",Valves,314,320,6,0.019108280254777,2023-03
2023-03-27,2023-W13,VALV-001,"Ball Valve 1/2""",Valves,364,391,27,0.0741758241758241,2023-03
2023-04-03,2023-W14,VALV-001,"Ball Valve 1/2""",Valves,291,301,10,0.0343642611683848,2023-04
2023-04-10,2023-W15,VALV-001,"Ball Valve 1/2""",Valves,287,334,47,0.1637630662020905,2023-04
2023-04-17,2023-W16,VALV-001,"Ball Valve 1/2""",Valves,321,356,35,0.1090342679127725,2023-04
2023-04-24,2023-W17,VALV-001,"Ball Valve 1/2""",Valves,347,300,-47,0.1354466858789625,2023-04
2023-05-01,2023-W18,VALV-001,"Ball Valve 1/2""",Valves,246,212,-34,0.1382113821138211,2023-05
2023-05-08,2023-W19,VALV-001,"Ball Valve 1/2""",Valves,336,380,44,0.1309523809523809,2023-05
2023-05-15,2023-W20,VALV-001,"Ball Valve 1/2""",Valves,277,286,9,0.0324909747292418,2023-05
2023-05-22,2023-W21,VALV-001,"Ball Valve 1/2""",Valves,238,214,-24,0.1008403361344537,2023-05
2023-05-29,2023-W22,VALV-001,"Ball Valve 1/2""",Valves,339,301,-38,0.1120943952802359,2023-05
2023-06-05,2023-W23,VALV-001,"Ball Valve 1/2""",Valves,352,405,53,0.1505681818181818,2023-06
2023-06-12,2023-W24,VALV-001,"Ball Valve 1/2""",Valves,278,244,-34,0.1223021582733813,2023-06
2023-06-19,2023-W25,VALV-001,"Ball Valve 1/2""",Valves,312,326,14,0.0448717948717948,2023-06
2023-06-26,2023-W26,VALV-001,"Ball Valve 1/2""",Valves,336,318,-18,0.0535714285714285,2023-06
2023-07-03,2023-W27,VALV-001,"Ball Valve 1/2""",Valves,292,259,-33,0.1130136986301369,2023-07
2023-07-10,2023-W28,VALV-001,"Ball Valve 1/2""",Valves,283,290,7,0.0247349823321554,2023-07
2023-07-17,2023-W29,VALV-001,"Ball Valve 1/2""",Valves,305,296,-9,0.0295081967213114,2023-07
2023-07-24,2023-W30,VALV-001,"Ball Valve 1/2""",Valves,270,240,-30,0.1111111111111111,2023-07
2023-07-31,2023-W31,VALV-001,"Ball Valve 1/2""",Valves,280,240,-40,0.1428571428571428,2023-07
2023-08-07,2023-W32,VALV-001,"Ball Valve 1/2""",Valves,200,204,4,0.02,2023-08
2023-08-14,2023-W33,VALV-001,"Ball Valve 1/2""",Valves,270,292,22,0.0814814814814814,2023-08
2023-08-21,2023-W34,VALV-001,"Ball Valve 1/2""",Valves,195,206,11,0.0564102564102564,2023-08
2023-08-28,2023-W35,VALV-001,"Ball Valve 1/2""",Valves,196,193,-3,0.0153061224489795,2023-08
2023-09-04,2023-W36,VALV-001,"Ball Valve 1/2""",Valves,179,191,12,0.0670391061452514,2023-09
2023-09-11,2023-W37,VALV-001,"Ball Valve 1/2""",Valves,285,282,-3,0.0105263157894736,2023-09
2023-09-18,2023-W38,VALV-001,"Ball Valve 1/2""",Valves,179,210,31,0.1731843575418994,2023-09
2023-09-25,2023-W39,VALV-001,"Ball Valve 1/2""",Valves,215,190,-25,0.1162790697674418,2023-09
2023-10-02,2023-W40,VALV-001,"Ball Valve 1/2""",Valves,221,249,28,0.1266968325791855,2023-10
2023-10-09,2023-W41,VALV-001,"Ball Valve 1/2""",Valves,223,241,18,0.0807174887892376,2023-10
2023-10-16,2023-W42,VALV-001,"Ball Valve 1/2""",Valves,209,198,-11,0.0526315789473684,2023-10
2023-10-23,2023-W43,VALV-001,"Ball Valve 1/2""",Valves,227,253,26,0.1145374449339207,2023-10
2023-10-30,2023-W44,VALV-001,"Ball Valve 1/2""",Valves,217,237,20,0.0921658986175115,2023-10
2023-11-06,2023-W45,VALV-001,"Ball Valve 1/2""",Valves,208,233,25,0.1201923076923077,2023-11
2023-11-13,2023-W46,VALV-001,"Ball Valve 1/2""",Valves,239,224,-15,0.0627615062761506,2023-11
2023-11-20,2023-W47,VALV-001,"Ball Valve 1/2""",Valves,223,252,29,0.1300448430493273,2023-11
2023-11-27,2023-W48,VALV-001,"Ball Valve 1/2""",Valves,242,226,-16,0.0661157024793388,2023-11
2023-12-04,2023-W49,VALV-001,"Ball Valve 1/2""",Valves,231,246,15,0.0649350649350649,2023-12
2023-12-11,2023-W50,VALV-001,"Ball Valve 1/2""",Valves,258,290,32,0.1240310077519379,2023-12
2023-12-18,2023-W51,VALV-001,"Ball Valve 1/2""",Valves,264,228,-36,0.1363636363636363,2023-12
2023-12-25,2023-W52,VALV-001,"Ball Valve 1/2""",Valves,307,355,48,0.1563517915309446,2023-12
2024-01-01,2024-W00,VALV-001,"Ball Valve 1/2""",Valves,329,365,36,0.1094224924012158,2024-01
2024-01-08,2024-W01,VALV-001,"Ball Valve 1/2""",Valves,325,356,31,0.0953846153846153,2024-01
2024-01-15,2024-W02,VALV-001,"Ball Valve 1/2""",Valves,351,370,19,0.0541310541310541,2024-01
2024-01-22,2024-W03,VALV-001,"Ball Valve 1/2""",Valves,289,327,38,0.1314878892733564,2024-01
2024-01-29,2024-W04,VALV-001,"Ball Valve 1/2""",Valves,292,258,-34,0.1164383561643835,2024-01
2024-02-05,2024-W05,VALV-001,"Ball Valve 1/2""",Valves,339,355,16,0.0471976401179941,2024-02
2024-02-12,2024-W06,VALV-001,"Ball Valve 1/2""",Valves,374,418,44,0.1176470588235294,2024-02
2024-02-19,2024-W07,VALV-001,"Ball Valve 1/2""",Valves,342,349,7,0.0204678362573099,2024-02
2024-02-26,2024-W08,VALV-001,"Ball Valve 1/2""",Valves,352,317,-35,0.0994318181818181,2024-02
2024-03-04,2024-W09,VALV-001,"Ball Valve 1/2""",Valves,435,387,-48,0.1103448275862069,2024-03
2024-03-11,2024-W10,VALV-001,"Ball Valve 1/2""",Valves,359,415,56,0.1559888579387186,2024-03
2024-03-18,2024-W11,VALV-001,"Ball Valve 1/2""",Valves,338,376,38,0.1124260355029585,2024-03
2024-03-25,2024-W12,VALV-001,"Ball Valve 1/2""",Valves,370,346,-24,0.0648648648648648,2024-03
2024-04-01,2024-W13,VALV-001,"Ball Valve 1/2""",Valves,283,306,23,0.0812720848056537,2024-04
2024-04-08,2024-W14,VALV-001,"Ball Valve 1/2""",Valves,371,320,-51,0.137466307277628,2024-04
2024-04-15,2024-W15,VALV-001,"Ball Valve 1/2""",Valves,425,448,23,0.0541176470588235,2024-04
2024-04-22,2024-W16,VALV-001,"Ball Valve 1/2""",Valves,317,336,19,0.0599369085173501,2024-04
2024-04-29,2024-W17,VALV-001,"Ball Valve 1/2""",Valves,452,466,14,0.0309734513274336,2024-04
2024-05-06,2024-W18,VALV-001,"Ball Valve 1/2""",Valves,368,364,-4,0.0108695652173913,2024-05
2024-05-13,2024-W19,VALV-001,"Ball Valve 1/2""",Valves,335,382,47,0.1402985074626865,2024-05
2024-05-20,2024-W20,VALV-001,"Ball Valve 1/2""",Valves,419,451,32,0.0763723150357995,2024-05
2024-05-27,2024-W21,VALV-001,"Ball Valve 1/2""",Valves,460,533,73,0.158695652173913,2024-05
2024-06-03,2024-W22,VALV-001,"Ball Valve 1/2""",Valves,376,405,29,0.077127659574468,2024-06
2024-06-10,2024-W23,VALV-001,"Ball Valve 1/2""",Valves,308,330,22,0.0714285714285714,2024-06
2024-06-17,2024-W24,VALV-001,"Ball Valve 1/2""",Valves,390,433,43,0.1102564102564102,2024-06
2024-06-24,2024-W25,VALV-001,"Ball Valve 1/2""",Valves,315,317,2,0.0063492063492063,2024-06
2024-07-01,2024-W26,VALV-001,"Ball Valve 1/2""",Valves,313,363,50,0.1597444089456869,2024-07
2024-07-08,2024-W27,VALV-001,"Ball Valve 1/2""",Valves,372,381,9,0.0241935483870967,2024-07
2024-07-15,2024-W28,VALV-001,"Ball Valve 1/2""",Valves,320,289,-31,0.096875,2024-07
2024-07-22,2024-W29,VALV-001,"Ball Valve 1/2""",Valves,338,357,19,0.0562130177514792,2024-07
2024-07-29,2024-W30,VALV-001,"Ball Valve 1/2""",Valves,346,301,-45,0.130057803468208,2024-07
2024-08-05,2024-W31,VALV-001,"Ball Valve 1/2""",Valves,216,243,27,0.125,2024-08
2024-08-12,2024-W32,VALV-001,"Ball Valve 1/2""",Valves,279,295,16,0.057347670250896,2024-08
2024-08-19,2024-W33,VALV-001,"Ball Valve 1/2""",Valves,314,351,37,0.1178343949044586,2024-08
2024-08-26,2024-W34,VALV-001,"Ball Valve 1/2""",Valves,257,274,17,0.0661478599221789,2024-08
2024-09-02,2024-W35,VALV-001,"Ball Valve 1/2""",Valves,296,272,-24,0.081081081081081,2024-09
2024-09-09,2024-W36,VALV-001,"Ball Valve 1/2""",Valves,240,248,8,0.0333333333333333,2024-09
2024-09-16,2024-W37,VALV-001,"Ball Valve 1/2""",Valves,250,221,-29,0.116,2024-09
2024-09-23,2024-W38,VALV-001,"Ball Valve 1/2""",Valves,266,245,-21,0.0789473684210526,2024-09
2024-09-30,2024-W39,VALV-001,"Ball Valve 1/2""",Valves,287,290,3,0.0104529616724738,2024-09
2024-10-07,2024-W40,VALV-001,"Ball Valve 1/2""",Valves,269,259,-10,0.037174721189591,2024-10
2024-10-14,2024-W41,VALV-001,"Ball Valve 1/2""",Valves,217,193,-24,0.1105990783410138,2024-10
2024-10-21,2024-W42,VALV-001,"Ball Valve 1/2""",Valves,252,216,-36,0.1428571428571428,2024-10
2024-10-28,2024-W43,VALV-001,"Ball Valve 1/2""",Valves,221,244,23,0.1040723981900452,2024-10
2024-11-04,2024-W44,VALV-001,"Ball Valve 1/2""",Valves,316,325,9,0.0284810126582278,2024-11
2024-11-11,2024-W45,VALV-001,"Ball Valve 1/2""",Valves,325,339,14,0.043076923076923,2024-11
2024-11-18,2024-W46,VALV-001,"Ball Valve 1/2""",Valves,269,288,19,0.070631970260223,2024-11
2024-11-25,2024-W47,VALV-001,"Ball Valve 1/2""",Valves,269,269,0,0.0,2024-11
2024-12-02,2024-W48,VALV-001,"Ball Valve 1/2""",Valves,311,321,10,0.0321543408360128,2024-12
2024-12-09,2024-W49,VALV-001,"Ball Valve 1/2""",Valves,356,401,45,0.1264044943820224,2024-12
2024-12-16,2024-W50,VALV-001,"Ball Valve 1/2""",Valves,271,304,33,0.1217712177121771,2024-12
2024-12-23,2024-W51,VALV-001,"Ball Valve 1/2""",Valves,315,323,8,0.0253968253968253,2024-12
2024-12-30,2024-W52,VALV-001,"Ball Valve 1/2""",Valves,320,315,-5,0.015625,2024-12
2023-01-02,2023-W01,VALV-002,Pressure Relief Valve,Valves,195,204,9,0.0461538461538461,2023-01
2023-01-09,2023-W02,VALV-002,Pressure Relief Valve,Valves,239,209,-30,0.1255230125523012,2023-01
2023-01-16,2023-W03,VALV-002,Pressure Relief Valve,Valves,221,224,3,0.0135746606334841,2023-01
2023-01-23,2023-W04,VALV-002,Pressure Relief Valve,Valves,246,256,10,0.040650406504065,2023-01
2023-01-30,2023-W05,VALV-002,Pressure Relief Valve,Valves,238,273,35,0.1470588235294117,2023-01
2023-02-06,2023-W06,VALV-002,Pressure Relief Valve,Valves,243,232,-11,0.0452674897119341,2023-02
2023-02-13,2023-W07,VALV-002,Pressure Relief Valve,Valves,250,256,6,0.024,2023-02
2023-02-20,2023-W08,VALV-002,Pressure Relief Valve,Valves,275,257,-18,0.0654545454545454,2023-02
2023-02-27,2023-W09,VALV-002,Pressure Relief Valve,Valves,314,360,46,0.1464968152866242,2023-02
2023-03-06,2023-W10,VALV-002,Pressure Relief Valve,Valves,270,308,38,0.1407407407407407,2023-03
2023-03-13,2023-W11,VALV-002,Pressure Relief Valve,Valves,294,287,-7,0.0238095238095238,2023-03
2023-03-20,2023-W12,VALV-002,Pressure Relief Valve,Valves,270,240,-30,0.1111111111111111,2023-03
2023-03-27,2023-W13,VALV-002,Pressure Relief Valve,Valves,323,373,50,0.1547987616099071,2023-03
2023-04-03,2023-W14,VALV-002,Pressure Relief Valve,Valves,332,322,-10,0.0301204819277108,2023-04
2023-04-10,2023-W15,VALV-002,Pressure Relief Valve,Valves,275,235,-40,0.1454545454545454,2023-04
2023-04-17,2023-W16,VALV-002,Pressure Relief Valve,Valves,285,307,22,0.0771929824561403,2023-04
2023-04-24,2023-W17,VALV-002,Pressure Relief Valve,Valves,258,247,-11,0.0426356589147286,2023-04
2023-05-01,2023-W18,VALV-002,Pressure Relief Valve,Valves,309,334,25,0.0809061488673139,2023-05
2023-05-08,2023-W19,VALV-002,Pressure Relief Valve,Valves,309,312,3,0.0097087378640776,2023-05
2023-05-15,2023-W20,VALV-002,Pressure Relief Valve,Valves,279,278,-1,0.003584229390681,2023-05
2023-05-22,2023-W21,VALV-002,Pressure Relief Valve,Valves,304,278,-26,0.0855263157894736,2023-05
2023-05-29,2023-W22,VALV-002,Pressure Relief Valve,Valves,276,292,16,0.0579710144927536,2023-05
2023-06-05,2023-W23,VALV-002,Pressure Relief Valve,Valves,258,240,-18,0.0697674418604651,2023-06
2023-06-12,2023-W24,VALV-002,Pressure Relief Valve,Valves,287,274,-13,0.0452961672473867,2023-06
2023-06-19,2023-W25,VALV-002,Pressure Relief Valve,Valves,241,224,-17,0.0705394190871369,2023-06
2023-06-26,2023-W26,VALV-002,Pressure Relief Valve,Valves,274,244,-30,0.1094890510948905,2023-06
2023-07-03,2023-W27,VALV-002,Pressure Relief Valve,Valves,218,217,-1,0.0045871559633027,2023-07
2023-07-10,2023-W28,VALV-002,Pressure Relief Valve,Valves,279,295,16,0.057347670250896,2023-07
2023-07-17,2023-W29,VALV-002,Pressure Relief Valve,Valves,235,262,27,0.1148936170212766,2023-07
2023-07-24,2023-W30,VALV-002,Pressure Relief Valve,Valves,233,219,-14,0.0600858369098712,2023-07
2023-07-31,2023-W31,VALV-002,Pressure Relief Valve,Valves,232,208,-24,0.1034482758620689,2023-07
2023-08-07,2023-W32,VALV-002,Pressure Relief Valve,Valves,184,188,4,0.0217391304347826,2023-08
2023-08-14,2023-W33,VALV-002,Pressure Relief Valve,Valves,182,194,12,0.0659340659340659,2023-08
2023-08-21,2023-W34,VALV-002,Pressure Relief Valve,Valves,236,226,-10,0.0423728813559322,2023-08
2023-08-28,2023-W35,VALV-002,Pressure Relief Valve,Valves,190,179,-11,0.0578947368421052,2023-08
2023-09-04,2023-W36,VALV-002,Pressure Relief Valve,Valves,177,155,-22,0.1242937853107344,2023-09
2023-09-11,2023-W37,VALV-002,Pressure Relief Valve,Valves,186,183,-3,0.0161290322580645,2023-09
2023-09-18,2023-W38,VALV-002,Pressure Relief Valve,Valves,187,164,-23,0.1229946524064171,2023-09
2023-09-25,2023-W39,VALV-002,Pressure Relief Valve,Valves,189,213,24,0.1269841269841269,2023-09
2023-10-02,2023-W40,VALV-002,Pressure Relief Valve,Valves,191,214,23,0.1204188481675392,2023-10
2023-10-09,2023-W41,VALV-002,Pressure Relief Valve,Valves,205,201,-4,0.0195121951219512,2023-10
2023-10-16,2023-W42,VALV-002,Pressure Relief Valve,Valves,180,185,5,0.0277777777777777,2023-10
2023-10-23,2023-W43,VALV-002,Pressure Relief Valve,Valves,152,156,4,0.0263157894736842,2023-10
2023-10-30,2023-W44,VALV-002,Pressure Relief Valve,Valves,191,219,28,0.1465968586387434,2023-10
2023-11-06,2023-W45,VALV-002,Pressure Relief Valve,Valves,189,215,26,0.1375661375661375,2023-11
2023-11-13,2023-W46,VALV-002,Pressure Relief Valve,Valves,183,185,2,0.0109289617486338,2023-11
2023-11-20,2023-W47,VALV-002,Pressure Relief Valve,Valves,180,203,23,0.1277777777777777,2023-11
2023-11-27,2023-W48,VALV-002,Pressure Relief Valve,Valves,220,197,-23,0.1045454545454545,2023-11
2023-12-04,2023-W49,VALV-002,Pressure Relief Valve,Valves,212,197,-15,0.070754716981132,2023-12
2023-12-11,2023-W50,VALV-002,Pressure Relief Valve,Valves,196,189,-7,0.0357142857142857,2023-12
2023-12-18,2023-W51,VALV-002,Pressure Relief Valve,Valves,223,209,-14,0.0627802690582959,2023-12
2023-12-25,2023-W52,VALV-002,Pressure Relief Valve,Valves,240,233,-7,0.0291666666666666,2023-12
2024-01-01,2024-W00,VALV-002,Pressure Relief Valve,Valves,220,227,7,0.0318181818181818,2024-01
2024-01-08,2024-W01,VALV-002,Pressure Relief Valve,Valves,279,303,24,0.086021505376344,2024-01
2024-01-15,2024-W02,VALV-002,Pressure Relief Valve,Valves,213,195,-18,0.0845070422535211,2024-01
2024-01-22,2024-W03,VALV-002,Pressure Relief Valve,Valves,251,248,-3,0.0119521912350597,2024-01
2024-01-29,2024-W04,VALV-002,Pressure Relief Valve,Valves,267,243,-24,0.0898876404494382,2024-01
2024-02-05,2024-W05,VALV-002,Pressure Relief Valve,Valves,259,289,30,0.1158301158301158,2024-02
2024-02-12,2024-W06,VALV-002,Pressure Relief Valve,Valves,246,265,19,0.0772357723577235,2024-02
2024-02-19,2024-W07,VALV-002,Pressure Relief Valve,Valves,267,290,23,0.0861423220973782,2024-02
2024-02-26,2024-W08,VALV-002,Pressure Relief Valve,Valves,320,312,-8,0.025,2024-02
2024-03-04,2024-W09,VALV-002,Pressure Relief Valve,Valves,317,371,54,0.1703470031545741,2024-03
2024-03-11,2024-W10,VALV-002,Pressure Relief Valve,Valves,264,251,-13,0.0492424242424242,2024-03
2024-03-18,2024-W11,VALV-002,Pressure Relief Valve,Valves,361,371,10,0.0277008310249307,2024-03
2024-03-25,2024-W12,VALV-002,Pressure Relief Valve,Valves,288,324,36,0.125,2024-03
2024-04-01,2024-W13,VALV-002,Pressure Relief Valve,Valves,322,364,42,0.1304347826086956,2024-04
2024-04-08,2024-W14,VALV-002,Pressure Relief Valve,Valves,339,300,-39,0.1150442477876106,2024-04
2024-04-15,2024-W15,VALV-002,Pressure Relief Valve,Valves,338,309,-29,0.0857988165680473,2024-04
2024-04-22,2024-W16,VALV-002,Pressure Relief Valve,Valves,302,264,-38,0.1258278145695364,2024-04
2024-04-29,2024-W17,VALV-002,Pressure Relief Valve,Valves,330,298,-32,0.0969696969696969,2024-04
2024-05-06,2024-W18,VALV-002,Pressure Relief Valve,Valves,319,361,42,0.1316614420062695,2024-05
2024-05-13,2024-W19,VALV-002,Pressure Relief Valve,Valves,312,350,38,0.1217948717948717,2024-05
2024-05-20,2024-W20,VALV-002,Pressure Relief Valve,Valves,366,361,-5,0.0136612021857923,2024-05
2024-05-27,2024-W21,VALV-002,Pressure Relief Valve,Valves,287,291,4,0.0139372822299651,2024-05
2024-06-03,2024-W22,VALV-002,Pressure Relief Valve,Valves,259,265,6,0.0231660231660231,2024-06
2024-06-10,2024-W23,VALV-002,Pressure Relief Valve,Valves,300,312,12,0.04,2024-06
2024-06-17,2024-W24,VALV-002,Pressure Relief Valve,Valves,302,334,32,0.1059602649006622,2024-06
2024-06-24,2024-W25,VALV-002,Pressure Relief Valve,Valves,309,304,-5,0.0161812297734627,2024-06
2024-07-01,2024-W26,VALV-002,Pressure Relief Valve,Valves,227,258,31,0.1365638766519823,2024-07
2024-07-08,2024-W27,VALV-002,Pressure Relief Valve,Valves,271,263,-8,0.029520295202952,2024-07
2024-07-15,2024-W28,VALV-002,Pressure Relief Valve,Valves,211,216,5,0.0236966824644549,2024-07
2024-07-22,2024-W29,VALV-002,Pressure Relief Valve,Valves,248,255,7,0.0282258064516129,2024-07
2024-07-29,2024-W30,VALV-002,Pressure Relief Valve,Valves,212,246,34,0.160377358490566,2024-07
2024-08-05,2024-W31,VALV-002,Pressure Relief Valve,Valves,207,176,-31,0.1497584541062802,2024-08
2024-08-12,2024-W32,VALV-002,Pressure Relief Valve,Valves,257,219,-38,0.1478599221789883,2024-08
2024-08-19,2024-W33,VALV-002,Pressure Relief Valve,Valves,204,174,-30,0.1470588235294117,2024-08
2024-08-26,2024-W34,VALV-002,Pressure Relief Valve,Valves,157,169,12,0.0764331210191082,2024-08
2024-09-02,2024-W35,VALV-002,Pressure Relief Valve,Valves,212,201,-11,0.0518867924528301,2024-09
2024-09-09,2024-W36,VALV-002,Pressure Relief Valve,Valves,166,150,-16,0.0963855421686747,2024-09
2024-09-16,2024-W37,VALV-002,Pressure Relief Valve,Valves,174,178,4,0.0229885057471264,2024-09
2024-09-23,2024-W38,VALV-002,Pressure Relief Valve,Valves,193,176,-17,0.0880829015544041,2024-09
2024-09-30,2024-W39,VALV-002,Pressure Relief Valve,Valves,178,190,12,0.0674157303370786,2024-09
2024-10-07,2024-W40,VALV-002,Pressure Relief Valve,Valves,195,214,19,0.0974358974358974,2024-10
2024-10-14,2024-W41,VALV-002,Pressure Relief Valve,Valves,193,168,-25,0.1295336787564766,2024-10
2024-10-21,2024-W42,VALV-002,Pressure Relief Valve,Valves,176,184,8,0.0454545454545454,2024-10
2024-10-28,2024-W43,VALV-002,Pressure Relief Valve,Valves,200,204,4,0.02,2024-10
2024-11-04,2024-W44,VALV-002,Pressure Relief Valve,Valves,170,196,26,0.1529411764705882,2024-11
2024-11-11,2024-W45,VALV-002,Pressure Relief Valve,Valves,250,245,-5,0.02,2024-11
2024-11-18,2024-W46,VALV-002,Pressure Relief Valve,Valves,232,269,37,0.1594827586206896,2024-11
2024-11-25,2024-W47,VALV-002,Pressure Relief Valve,Valves,191,215,24,0.1256544502617801,2024-11
2024-12-02,2024-W48,VALV-002,Pressure Relief Valve,Valves,252,250,-2,0.0079365079365079,2024-12
2024-12-09,2024-W49,VALV-002,Pressure Relief Valve,Valves,240,218,-22,0.0916666666666666,2024-12
2024-12-16,2024-W50,VALV-002,Pressure Relief Valve,Valves,240,259,19,0.0791666666666666,2024-12
2024-12-23,2024-W51,VALV-002,Pressure Relief Valve,Valves,208,197,-11,0.0528846153846153,2024-12
2024-12-30,2024-W52,VALV-002,Pressure Relief Valve,Valves,207,225,18,0.0869565217391304,2024-12
2023-01-02,2023-W01,FIXT-001,Push-Fit Connector,Fittings,125,122,-3,0.024,2023-01
2023-01-09,2023-W02,FIXT-001,Push-Fit Connector,Fittings,112,121,9,0.0803571428571428,2023-01
2023-01-16,2023-W03,FIXT-001,Push-Fit Connector,Fittings,127,131,4,0.0314960629921259,2023-01
2023-01-23,2023-W04,FIXT-001,Push-Fit Connector,Fittings,124,110,-14,0.1129032258064516,2023-01
2023-01-30,2023-W05,FIXT-001,Push-Fit Connector,Fittings,131,149,18,0.1374045801526717,2023-01
2023-02-06,2023-W06,FIXT-001,Push-Fit Connector,Fittings,135,127,-8,0.0592592592592592,2023-02
2023-02-13,2023-W07,FIXT-001,Push-Fit Connector,Fittings,113,98,-15,0.1327433628318584,2023-02
2023-02-20,2023-W08,FIXT-001,Push-Fit Connector,Fittings,129,138,9,0.0697674418604651,2023-02
2023-02-27,2023-W09,FIXT-001,Push-Fit Connector,Fittings,133,156,23,0.1729323308270676,2023-02
2023-03-06,2023-W10,FIXT-001,Push-Fit Connector,Fittings,166,145,-21,0.1265060240963855,2023-03
2023-03-13,2023-W11,FIXT-001,Push-Fit Connector,Fittings,142,141,-1,0.0070422535211267,2023-03
2023-03-20,2023-W12,FIXT-001,Push-Fit Connector,Fittings,182,182,0,0.0,2023-03
2023-03-27,2023-W13,FIXT-001,Push-Fit Connector,Fittings,165,179,14,0.0848484848484848,2023-03
2023-04-03,2023-W14,FIXT-001,Push-Fit Connector,Fittings,140,132,-8,0.0571428571428571,2023-04
2023-04-10,2023-W15,FIXT-001,Push-Fit Connector,Fittings,148,161,13,0.0878378378378378,2023-04
2023-04-17,2023-W16,FIXT-001,Push-Fit Connector,Fittings,170,151,-19,0.1117647058823529,2023-04
2023-04-24,2023-W17,FIXT-001,Push-Fit Connector,Fittings,147,153,6,0.0408163265306122,2023-04
2023-05-01,2023-W18,FIXT-001,Push-Fit Connector,Fittings,137,145,8,0.0583941605839416,2023-05
2023-05-08,2023-W19,FIXT-001,Push-Fit Connector,Fittings,140,136,-4,0.0285714285714285,2023-05
2023-05-15,2023-W20,FIXT-001,Push-Fit Connector,Fittings,148,159,11,0.0743243243243243,2023-05
2023-05-22,2023-W21,FIXT-001,Push-Fit Connector,Fittings,136,115,-21,0.1544117647058823,2023-05
2023-05-29,2023-W22,FIXT-001,Push-Fit Connector,Fittings,157,172,15,0.0955414012738853,2023-05
2023-06-05,2023-W23,FIXT-001,Push-Fit Connector,Fittings,170,161,-9,0.0529411764705882,2023-06
2023-06-12,2023-W24,FIXT-001,Push-Fit Connector,Fittings,139,150,11,0.079136690647482,2023-06
2023-06-19,2023-W25,FIXT-001,Push-Fit Connector,Fittings,143,148,5,0.0349650349650349,2023-06
2023-06-26,2023-W26,FIXT-001,Push-Fit Connector,Fittings,133,138,5,0.037593984962406,2023-06
2023-07-03,2023-W27,FIXT-001,Push-Fit Connector,Fittings,151,133,-18,0.119205298013245,2023-07
2023-07-10,2023-W28,FIXT-001,Push-Fit Connector,Fittings,114,132,18,0.1578947368421052,2023-07
2023-07-17,2023-W29,FIXT-001,Push-Fit Connector,Fittings,123,143,20,0.1626016260162601,2023-07
2023-07-24,2023-W30,FIXT-001,Push-Fit Connector,Fittings,127,115,-12,0.0944881889763779,2023-07
2023-07-31,2023-W31,FIXT-001,Push-Fit Connector,Fittings,114,132,18,0.1578947368421052,2023-07
2023-08-07,2023-W32,FIXT-001,Push-Fit Connector,Fittings,108,96,-12,0.1111111111111111,2023-08
2023-08-14,2023-W33,FIXT-001,Push-Fit Connector,Fittings,116,106,-10,0.0862068965517241,2023-08
2023-08-21,2023-W34,FIXT-001,Push-Fit Connector,Fittings,100,93,-7,0.07,2023-08
2023-08-28,2023-W35,FIXT-001,Push-Fit Connector,Fittings,92,84,-8,0.0869565217391304,2023-08
2023-09-04,2023-W36,FIXT-001,Push-Fit Connector,Fittings,103,96,-7,0.0679611650485436,2023-09
2023-09-11,2023-W37,FIXT-001,Push-Fit Connector,Fittings,100,112,12,0.12,2023-09
2023-09-18,2023-W38,FIXT-001,Push-Fit Connector,Fittings,95,89,-6,0.0631578947368421,2023-09
2023-09-25,2023-W39,FIXT-001,Push-Fit Connector,Fittings,89,104,15,0.1685393258426966,2023-09
2023-10-02,2023-W40,FIXT-001,Push-Fit Connector,Fittings,71,64,-7,0.0985915492957746,2023-10
2023-10-09,2023-W41,FIXT-001,Push-Fit Connector,Fittings,102,119,17,0.1666666666666666,2023-10
2023-10-16,2023-W42,FIXT-001,Push-Fit Connector,Fittings,83,74,-9,0.108433734939759,2023-10
2023-10-23,2023-W43,FIXT-001,Push-Fit Connector,Fittings,83,71,-12,0.144578313253012,2023-10
2023-10-30,2023-W44,FIXT-001,Push-Fit Connector,Fittings,83,87,4,0.0481927710843373,2023-10
2023-11-06,2023-W45,FIXT-001,Push-Fit Connector,Fittings,103,89,-14,0.1359223300970873,2023-11
2023-11-13,2023-W46,FIXT-001,Push-Fit Connector,Fittings,109,95,-14,0.128440366972477,2023-11
2023-11-20,2023-W47,FIXT-001,Push-Fit Connector,Fittings,87,96,9,0.1034482758620689,2023-11
2023-11-27,2023-W48,FIXT-001,Push-Fit Connector,Fittings,85,76,-9,0.1058823529411764,2023-11
2023-12-04,2023-W49,FIXT-001,Push-Fit Connector,Fittings,103,101,-2,0.0194174757281553,2023-12
2023-12-11,2023-W50,FIXT-001,Push-Fit Connector,Fittings,99,98,-1,0.0101010101010101,2023-12
2023-12-18,2023-W51,FIXT-001,Push-Fit Connector,Fittings,94,89,-5,0.0531914893617021,2023-12
2023-12-25,2023-W52,FIXT-001,Push-Fit Connector,Fittings,117,135,18,0.1538461538461538,2023-12
2024-01-01,2024-W00,FIXT-001,Push-Fit Connector,Fittings,127,119,-8,0.0629921259842519,2024-01
2024-01-08,2024-W01,FIXT-001,Push-Fit Connector,Fittings,103,104,1,0.0097087378640776,2024-01
2024-01-15,2024-W02,FIXT-001,Push-Fit Connector,Fittings,122,137,15,0.1229508196721311,2024-01
2024-01-22,2024-W03,FIXT-001,Push-Fit Connector,Fittings,121,126,5,0.0413223140495867,2024-01
2024-01-29,2024-W04,FIXT-001,Push-Fit Connector,Fittings,127,137,10,0.0787401574803149,2024-01
2024-02-05,2024-W05,FIXT-001,Push-Fit Connector,Fittings,117,99,-18,0.1538461538461538,2024-02
2024-02-12,2024-W06,FIXT-001,Push-Fit Connector,Fittings,148,149,1,0.0067567567567567,2024-02
2024-02-19,2024-W07,FIXT-001,Push-Fit Connector,Fittings,130,123,-7,0.0538461538461538,2024-02
2024-02-26,2024-W08,FIXT-001,Push-Fit Connector,Fittings,141,136,-5,0.0354609929078014,2024-02
2024-03-04,2024-W09,FIXT-001,Push-Fit Connector,Fittings,128,138,10,0.078125,2024-03
2024-03-11,2024-W10,FIXT-001,Push-Fit Connector,Fittings,136,122,-14,0.1029411764705882,2024-03
2024-03-18,2024-W11,FIXT-001,Push-Fit Connector,Fittings,133,154,21,0.1578947368421052,2024-03
2024-03-25,2024-W12,FIXT-001,Push-Fit Connector,Fittings,118,100,-18,0.1525423728813559,2024-03
2024-04-01,2024-W13,FIXT-001,Push-Fit Connector,Fittings,131,117,-14,0.1068702290076335,2024-04
2024-04-08,2024-W14,FIXT-001,Push-Fit Connector,Fittings,135,137,2,0.0148148148148148,2024-04
2024-04-15,2024-W15,FIXT-001,Push-Fit Connector,Fittings,144,144,0,0.0,2024-04
2024-04-22,2024-W16,FIXT-001,Push-Fit Connector,Fittings,156,155,-1,0.0064102564102564,2024-04
2024-04-29,2024-W17,FIXT-001,Push-Fit Connector,Fittings,162,149,-13,0.0802469135802469,2024-04
2024-05-06,2024-W18,FIXT-001,Push-Fit Connector,Fittings,154,138,-16,0.1038961038961039,2024-05
2024-05-13,2024-W19,FIXT-001,Push-Fit Connector,Fittings,155,178,23,0.1483870967741935,2024-05
2024-05-20,2024-W20,FIXT-001,Push-Fit Connector,Fittings,162,149,-13,0.0802469135802469,2024-05
2024-05-27,2024-W21,FIXT-001,Push-Fit Connector,Fittings,142,143,1,0.0070422535211267,2024-05
2024-06-03,2024-W22,FIXT-001,Push-Fit Connector,Fittings,144,123,-21,0.1458333333333333,2024-06
2024-06-10,2024-W23,FIXT-001,Push-Fit Connector,Fittings,124,115,-9,0.0725806451612903,2024-06
2024-06-17,2024-W24,FIXT-001,Push-Fit Connector,Fittings,130,130,0,0.0,2024-06
2024-06-24,2024-W25,FIXT-001,Push-Fit Connector,Fittings,129,126,-3,0.0232558139534883,2024-06
2024-07-01,2024-W26,FIXT-001,Push-Fit Connector,Fittings,120,135,15,0.125,2024-07
2024-07-08,2024-W27,FIXT-001,Push-Fit Connector,Fittings,114,123,9,0.0789473684210526,2024-07
2024-07-15,2024-W28,FIXT-001,Push-Fit Connector,Fittings,105,121,16,0.1523809523809524,2024-07
2024-07-22,2024-W29,FIXT-001,Push-Fit Connector,Fittings,108,106,-2,0.0185185185185185,2024-07
2024-07-29,2024-W30,FIXT-001,Push-Fit Connector,Fittings,111,127,16,0.1441441441441441,2024-07
2024-08-05,2024-W31,FIXT-001,Push-Fit Connector,Fittings,82,80,-2,0.024390243902439,2024-08
2024-08-12,2024-W32,FIXT-001,Push-Fit Connector,Fittings,113,111,-2,0.0176991150442477,2024-08
2024-08-19,2024-W33,FIXT-001,Push-Fit Connector,Fittings,102,94,-8,0.0784313725490196,2024-08
2024-08-26,2024-W34,FIXT-001,Push-Fit Connector,Fittings,104,98,-6,0.0576923076923076,2024-08
2024-09-02,2024-W35,FIXT-001,Push-Fit Connector,Fittings,96,110,14,0.1458333333333333,2024-09
2024-09-09,2024-W36,FIXT-001,Push-Fit Connector,Fittings,96,110,14,0.1458333333333333,2024-09
2024-09-16,2024-W37,FIXT-001,Push-Fit Connector,Fittings,83,87,4,0.0481927710843373,2024-09
2024-09-23,2024-W38,FIXT-001,Push-Fit Connector,Fittings,93,84,-9,0.0967741935483871,2024-09
2024-09-30,2024-W39,FIXT-001,Push-Fit Connector,Fittings,94,100,6,0.0638297872340425,2024-09
2024-10-07,2024-W40,FIXT-001,Push-Fit Connector,Fittings,84,75,-9,0.1071428571428571,2024-10
2024-10-14,2024-W41,FIXT-001,Push-Fit Connector,Fittings,77,76,-1,0.0129870129870129,2024-10
2024-10-21,2024-W42,FIXT-001,Push-Fit Connector,Fittings,87,88,1,0.0114942528735632,2024-10
2024-10-28,2024-W43,FIXT-001,Push-Fit Connector,Fittings,67,78,11,0.1641791044776119,2024-10
2024-11-04,2024-W44,FIXT-001,Push-Fit Connector,Fittings,104,120,16,0.1538461538461538,2024-11
2024-11-11,2024-W45,FIXT-001,Push-Fit Connector,Fittings,86,83,-3,0.0348837209302325,2024-11
2024-11-18,2024-W46,FIXT-001,Push-Fit Connector,Fittings,86,84,-2,0.0232558139534883,2024-11
2024-11-25,2024-W47,FIXT-001,Push-Fit Connector,Fittings,90,102,12,0.1333333333333333,2024-11
2024-12-02,2024-W48,FIXT-001,Push-Fit Connector,Fittings,109,96,-13,0.1192660550458715,2024-12
2024-12-09,2024-W49,FIXT-001,Push-Fit Connector,Fittings,81,70,-11,0.1358024691358024,2024-12
2024-12-16,2024-W50,FIXT-001,Push-Fit Connector,Fittings,113,110,-3,0.0265486725663716,2024-12
2024-12-23,2024-W51,FIXT-001,Push-Fit Connector,Fittings,80,83,3,0.0375,2024-12
2024-12-30,2024-W52,FIXT-001,Push-Fit Connector,Fittings,116,123,7,0.0603448275862069,2024-12
2023-01-02,2023-W01,FIXT-002,Elbow 90deg 15mm,Fittings,297,309,12,0.0404040404040404,2023-01
2023-01-09,2023-W02,FIXT-002,Elbow 90deg 15mm,Fittings,232,236,4,0.0172413793103448,2023-01
2023-01-16,2023-W03,FIXT-002,Elbow 90deg 15mm,Fittings,296,253,-43,0.1452702702702702,2023-01
2023-01-23,2023-W04,FIXT-002,Elbow 90deg 15mm,Fittings,322,332,10,0.031055900621118,2023-01
2023-01-30,2023-W05,FIXT-002,Elbow 90deg 15mm,Fittings,278,277,-1,0.0035971223021582,2023-01
2023-02-06,2023-W06,FIXT-002,Elbow 90deg 15mm,Fittings,298,290,-8,0.0268456375838926,2023-02
2023-02-13,2023-W07,FIXT-002,Elbow 90deg 15mm,Fittings,297,334,37,0.1245791245791245,2023-02
2023-02-20,2023-W08,FIXT-002,Elbow 90deg 15mm,Fittings,330,323,-7,0.0212121212121212,2023-02
2023-02-27,2023-W09,FIXT-002,Elbow 90deg 15mm,Fittings,349,394,45,0.1289398280802292,2023-02
2023-03-06,2023-W10,FIXT-002,Elbow 90deg 15mm,Fittings,415,384,-31,0.0746987951807229,2023-03
2023-03-13,2023-W11,FIXT-002,Elbow 90deg 15mm,Fittings,284,311,27,0.0950704225352112,2023-03
2023-03-20,2023-W12,FIXT-002,Elbow 90deg 15mm,Fittings,411,455,44,0.1070559610705596,2023-03
2023-03-27,2023-W13,FIXT-002,Elbow 90deg 15mm,Fittings,367,337,-30,0.0817438692098092,2023-03
2023-04-03,2023-W14,FIXT-002,Elbow 90deg 15mm,Fittings,406,391,-15,0.0369458128078817,2023-04
2023-04-10,2023-W15,FIXT-002,Elbow 90deg 15mm,Fittings,397,360,-37,0.0931989924433249,2023-04
2023-04-17,2023-W16,FIXT-002,Elbow 90deg 15mm,Fittings,373,360,-13,0.03485254691689,2023-04
2023-04-24,2023-W17,FIXT-002,Elbow 90deg 15mm,Fittings,372,384,12,0.032258064516129,2023-04
2023-05-01,2023-W18,FIXT-002,Elbow 90deg 15mm,Fittings,376,351,-25,0.0664893617021276,2023-05
2023-05-08,2023-W19,FIXT-002,Elbow 90deg 15mm,Fittings,354,327,-27,0.0762711864406779,2023-05
2023-05-15,2023-W20,FIXT-002,Elbow 90deg 15mm,Fittings,357,328,-29,0.0812324929971988,2023-05
2023-05-22,2023-W21,FIXT-002,Elbow 90deg 15mm,Fittings,234,219,-15,0.0641025641025641,2023-05
2023-05-29,2023-W22,FIXT-002,Elbow 90deg 15mm,Fittings,386,426,40,0.1036269430051813,2023-05
2023-06-05,2023-W23,FIXT-002,Elbow 90deg 15mm,Fittings,312,312,0,0.0,2023-06
2023-06-12,2023-W24,FIXT-002,Elbow 90deg 15mm,Fittings,373,334,-39,0.1045576407506702,2023-06
2023-06-19,2023-W25,FIXT-002,Elbow 90deg 15mm,Fittings,371,433,62,0.1671159029649595,2023-06
2023-06-26,2023-W26,FIXT-002,Elbow 90deg 15mm,Fittings,323,294,-29,0.0897832817337461,2023-06
2023-07-03,2023-W27,FIXT-002,Elbow 90deg 15mm,Fittings,319,284,-35,0.109717868338558,2023-07
2023-07-10,2023-W28,FIXT-002,Elbow 90deg 15mm,Fittings,316,317,1,0.0031645569620253,2023-07
2023-07-17,2023-W29,FIXT-002,Elbow 90deg 15mm,Fittings,286,316,30,0.1048951048951049,2023-07
2023-07-24,2023-W30,FIXT-002,Elbow 90deg 15mm,Fittings,323,347,24,0.0743034055727554,2023-07
2023-07-31,2023-W31,FIXT-002,Elbow 90deg 15mm,Fittings,349,298,-51,0.1461318051575931,2023-07
2023-08-07,2023-W32,FIXT-002,Elbow 90deg 15mm,Fittings,294,250,-44,0.1496598639455782,2023-08
2023-08-14,2023-W33,FIXT-002,Elbow 90deg 15mm,Fittings,229,197,-32,0.1397379912663755,2023-08
2023-08-21,2023-W34,FIXT-002,Elbow 90deg 15mm,Fittings,279,261,-18,0.064516129032258,2023-08
2023-08-28,2023-W35,FIXT-002,Elbow 90deg 15mm,Fittings,291,313,22,0.0756013745704467,2023-08
2023-09-04,2023-W36,FIXT-002,Elbow 90deg 15mm,Fittings,224,193,-31,0.1383928571428571,2023-09
2023-09-11,2023-W37,FIXT-002,Elbow 90deg 15mm,Fittings,264,305,41,0.1553030303030303,2023-09
2023-09-18,2023-W38,FIXT-002,Elbow 90deg 15mm,Fittings,222,224,2,0.009009009009009,2023-09
2023-09-25,2023-W39,FIXT-002,Elbow 90deg 15mm,Fittings,234,258,24,0.1025641025641025,2023-09
2023-10-02,2023-W40,FIXT-002,Elbow 90deg 15mm,Fittings,214,199,-15,0.0700934579439252,2023-10
2023-10-09,2023-W41,FIXT-002,Elbow 90deg 15mm,Fittings,211,248,37,0.1753554502369668,2023-10
2023-10-16,2023-W42,FIXT-002,Elbow 90deg 15mm,Fittings,239,276,37,0.1548117154811715,2023-10
2023-10-23,2023-W43,FIXT-002,Elbow 90deg 15mm,Fittings,201,180,-21,0.1044776119402985,2023-10
2023-10-30,2023-W44,FIXT-002,Elbow 90deg 15mm,Fittings,227,240,13,0.0572687224669603,2023-10
2023-11-06,2023-W45,FIXT-002,Elbow 90deg 15mm,Fittings,251,276,25,0.099601593625498,2023-11
2023-11-13,2023-W46,FIXT-002,Elbow 90deg 15mm,Fittings,226,205,-21,0.0929203539823008,2023-11
2023-11-20,2023-W47,FIXT-002,Elbow 90deg 15mm,Fittings,272,269,-3,0.0110294117647058,2023-11
2023-11-27,2023-W48,FIXT-002,Elbow 90deg 15mm,Fittings,240,246,6,0.025,2023-11
2023-12-04,2023-W49,FIXT-002,Elbow 90deg 15mm,Fittings,312,367,55,0.1762820512820513,2023-12
2023-12-11,2023-W50,FIXT-002,Elbow 90deg 15mm,Fittings,318,308,-10,0.0314465408805031,2023-12
2023-12-18,2023-W51,FIXT-002,Elbow 90deg 15mm,Fittings,234,229,-5,0.0213675213675213,2023-12
2023-12-25,2023-W52,FIXT-002,Elbow 90deg 15mm,Fittings,284,292,8,0.028169014084507,2023-12
2024-01-01,2024-W00,FIXT-002,Elbow 90deg 15mm,Fittings,319,352,33,0.1034482758620689,2024-01
2024-01-08,2024-W01,FIXT-002,Elbow 90deg 15mm,Fittings,301,280,-21,0.0697674418604651,2024-01
2024-01-15,2024-W02,FIXT-002,Elbow 90deg 15mm,Fittings,314,320,6,0.019108280254777,2024-01
2024-01-22,2024-W03,FIXT-002,Elbow 90deg 15mm,Fittings,400,462,62,0.155,2024-01
2024-01-29,2024-W04,FIXT-002,Elbow 90deg 15mm,Fittings,332,352,20,0.0602409638554216,2024-01
2024-02-05,2024-W05,FIXT-002,Elbow 90deg 15mm,Fittings,380,421,41,0.1078947368421052,2024-02
2024-02-12,2024-W06,FIXT-002,Elbow 90deg 15mm,Fittings,350,320,-30,0.0857142857142857,2024-02
2024-02-19,2024-W07,FIXT-002,Elbow 90deg 15mm,Fittings,370,382,12,0.0324324324324324,2024-02
2024-02-26,2024-W08,FIXT-002,Elbow 90deg 15mm,Fittings,328,364,36,0.1097560975609756,2024-02
2024-03-04,2024-W09,FIXT-002,Elbow 90deg 15mm,Fittings,414,486,72,0.1739130434782608,2024-03
2024-03-11,2024-W10,FIXT-002,Elbow 90deg 15mm,Fittings,440,451,11,0.025,2024-03
2024-03-18,2024-W11,FIXT-002,Elbow 90deg 15mm,Fittings,418,487,69,0.1650717703349282,2024-03
2024-03-25,2024-W12,FIXT-002,Elbow 90deg 15mm,Fittings,359,387,28,0.0779944289693593,2024-03
2024-04-01,2024-W13,FIXT-002,Elbow 90deg 15mm,Fittings,360,349,-11,0.0305555555555555,2024-04
2024-04-08,2024-W14,FIXT-002,Elbow 90deg 15mm,Fittings,492,475,-17,0.0345528455284552,2024-04
2024-04-15,2024-W15,FIXT-002,Elbow 90deg 15mm,Fittings,452,485,33,0.0730088495575221,2024-04
2024-04-22,2024-W16,FIXT-002,Elbow 90deg 15mm,Fittings,429,392,-37,0.0862470862470862,2024-04
2024-04-29,2024-W17,FIXT-002,Elbow 90deg 15mm,Fittings,459,462,3,0.0065359477124183,2024-04
2024-05-06,2024-W18,FIXT-002,Elbow 90deg 15mm,Fittings,389,399,10,0.0257069408740359,2024-05
2024-05-13,2024-W19,FIXT-002,Elbow 90deg 15mm,Fittings,418,411,-7,0.0167464114832535,2024-05
2024-05-20,2024-W20,FIXT-002,Elbow 90deg 15mm,Fittings,437,500,63,0.1441647597254004,2024-05
2024-05-27,2024-W21,FIXT-002,Elbow 90deg 15mm,Fittings,380,414,34,0.0894736842105263,2024-05
2024-06-03,2024-W22,FIXT-002,Elbow 90deg 15mm,Fittings,379,423,44,0.1160949868073878,2024-06
2024-06-10,2024-W23,FIXT-002,Elbow 90deg 15mm,Fittings,401,356,-45,0.112219451371571,2024-06
2024-06-17,2024-W24,FIXT-002,Elbow 90deg 15mm,Fittings,327,321,-6,0.018348623853211,2024-06
2024-06-24,2024-W25,FIXT-002,Elbow 90deg 15mm,Fittings,350,365,15,0.0428571428571428,2024-06
2024-07-01,2024-W26,FIXT-002,Elbow 90deg 15mm,Fittings,357,362,5,0.0140056022408963,2024-07
2024-07-08,2024-W27,FIXT-002,Elbow 90deg 15mm,Fittings,331,287,-44,0.1329305135951661,2024-07
2024-07-15,2024-W28,FIXT-002,Elbow 90deg 15mm,Fittings,327,339,12,0.036697247706422,2024-07
2024-07-22,2024-W29,FIXT-002,Elbow 90deg 15mm,Fittings,323,282,-41,0.1269349845201238,2024-07
2024-07-29,2024-W30,FIXT-002,Elbow 90deg 15mm,Fittings,362,374,12,0.0331491712707182,2024-07
2024-08-05,2024-W31,FIXT-002,Elbow 90deg 15mm,Fittings,259,292,33,0.1274131274131274,2024-08
2024-08-12,2024-W32,FIXT-002,Elbow 90deg 15mm,Fittings,273,279,6,0.0219780219780219,2024-08
2024-08-19,2024-W33,FIXT-002,Elbow 90deg 15mm,Fittings,248,285,37,0.1491935483870967,2024-08
2024-08-26,2024-W34,FIXT-002,Elbow 90deg 15mm,Fittings,277,251,-26,0.0938628158844765,2024-08
2024-09-02,2024-W35,FIXT-002,Elbow 90deg 15mm,Fittings,260,243,-17,0.0653846153846153,2024-09
2024-09-09,2024-W36,FIXT-002,Elbow 90deg 15mm,Fittings,210,193,-17,0.0809523809523809,2024-09
2024-09-16,2024-W37,FIXT-002,Elbow 90deg 15mm,Fittings,237,205,-32,0.1350210970464135,2024-09
2024-09-23,2024-W38,FIXT-002,Elbow 90deg 15mm,Fittings,263,255,-8,0.0304182509505703,2024-09
2024-09-30,2024-W39,FIXT-002,Elbow 90deg 15mm,Fittings,269,266,-3,0.0111524163568773,2024-09
2024-10-07,2024-W40,FIXT-002,Elbow 90deg 15mm,Fittings,290,300,10,0.0344827586206896,2024-10
2024-10-14,2024-W41,FIXT-002,Elbow 90deg 15mm,Fittings,262,227,-35,0.1335877862595419,2024-10
2024-10-21,2024-W42,FIXT-002,Elbow 90deg 15mm,Fittings,243,260,17,0.0699588477366255,2024-10
2024-10-28,2024-W43,FIXT-002,Elbow 90deg 15mm,Fittings,251,228,-23,0.0916334661354581,2024-10
2024-11-04,2024-W44,FIXT-002,Elbow 90deg 15mm,Fittings,263,249,-14,0.053231939163498,2024-11
2024-11-11,2024-W45,FIXT-002,Elbow 90deg 15mm,Fittings,248,277,29,0.1169354838709677,2024-11
2024-11-18,2024-W46,FIXT-002,Elbow 90deg 15mm,Fittings,266,289,23,0.0864661654135338,2024-11
2024-11-25,2024-W47,FIXT-002,Elbow 90deg 15mm,Fittings,248,269,21,0.0846774193548387,2024-11
2024-12-02,2024-W48,FIXT-002,Elbow 90deg 15mm,Fittings,300,322,22,0.0733333333333333,2024-12
2024-12-09,2024-W49,FIXT-002,Elbow 90deg 15mm,Fittings,290,260,-30,0.1034482758620689,2024-12
2024-12-16,2024-W50,FIXT-002,Elbow 90deg 15mm,Fittings,285,294,9,0.031578947368421,2024-12
2024-12-23,2024-W51,FIXT-002,Elbow 90deg 15mm,Fittings,287,323,36,0.1254355400696864,2024-12
2024-12-30,2024-W52,FIXT-002,Elbow 90deg 15mm,Fittings,314,266,-48,0.1528662420382165,2024-12
2023-01-02,2023-W01,SEAL-001,EPDM O-Ring Pack,Seals,220,196,-24,0.109090909090909,2023-01
2023-01-09,2023-W02,SEAL-001,EPDM O-Ring Pack,Seals,223,245,22,0.0986547085201793,2023-01
2023-01-16,2023-W03,SEAL-001,EPDM O-Ring Pack,Seals,197,184,-13,0.065989847715736,2023-01
2023-01-23,2023-W04,SEAL-001,EPDM O-Ring Pack,Seals,223,259,36,0.1614349775784753,2023-01
2023-01-30,2023-W05,SEAL-001,EPDM O-Ring Pack,Seals,242,230,-12,0.0495867768595041,2023-01
2023-02-06,2023-W06,SEAL-001,EPDM O-Ring Pack,Seals,248,255,7,0.0282258064516129,2023-02
2023-02-13,2023-W07,SEAL-001,EPDM O-Ring Pack,Seals,256,271,15,0.05859375,2023-02
2023-02-20,2023-W08,SEAL-001,EPDM O-Ring Pack,Seals,246,228,-18,0.073170731707317,2023-02
2023-02-27,2023-W09,SEAL-001,EPDM O-Ring Pack,Seals,305,328,23,0.0754098360655737,2023-02
2023-03-06,2023-W10,SEAL-001,EPDM O-Ring Pack,Seals,307,339,32,0.1042345276872964,2023-03
2023-03-13,2023-W11,SEAL-001,EPDM O-Ring Pack,Seals,298,349,51,0.1711409395973154,2023-03
2023-03-20,2023-W12,SEAL-001,EPDM O-Ring Pack,Seals,230,263,33,0.1434782608695652,2023-03
2023-03-27,2023-W13,SEAL-001,EPDM O-Ring Pack,Seals,278,308,30,0.1079136690647482,2023-03
2023-04-03,2023-W14,SEAL-001,EPDM O-Ring Pack,Seals,305,321,16,0.0524590163934426,2023-04
2023-04-10,2023-W15,SEAL-001,EPDM O-Ring Pack,Seals,261,228,-33,0.1264367816091954,2023-04
2023-04-17,2023-W16,SEAL-001,EPDM O-Ring Pack,Seals,310,349,39,0.1258064516129032,2023-04
2023-04-24,2023-W17,SEAL-001,EPDM O-Ring Pack,Seals,262,301,39,0.148854961832061,2023-04
2023-05-01,2023-W18,SEAL-001,EPDM O-Ring Pack,Seals,280,281,1,0.0035714285714285,2023-05
2023-05-08,2023-W19,SEAL-001,EPDM O-Ring Pack,Seals,309,316,7,0.0226537216828478,2023-05
2023-05-15,2023-W20,SEAL-001,EPDM O-Ring Pack,Seals,292,282,-10,0.0342465753424657,2023-05
2023-05-22,2023-W21,SEAL-001,EPDM O-Ring Pack,Seals,281,268,-13,0.0462633451957295,2023-05
2023-05-29,2023-W22,SEAL-001,EPDM O-Ring Pack,Seals,330,359,29,0.0878787878787878,2023-05
2023-06-05,2023-W23,SEAL-001,EPDM O-Ring Pack,Seals,285,334,49,0.1719298245614035,2023-06
2023-06-12,2023-W24,SEAL-001,EPDM O-Ring Pack,Seals,286,317,31,0.1083916083916083,2023-06
2023-06-19,2023-W25,SEAL-001,EPDM O-Ring Pack,Seals,285,242,-43,0.1508771929824561,2023-06
2023-06-26,2023-W26,SEAL-001,EPDM O-Ring Pack,Seals,282,273,-9,0.0319148936170212,2023-06
2023-07-03,2023-W27,SEAL-001,EPDM O-Ring Pack,Seals,257,233,-24,0.0933852140077821,2023-07
2023-07-10,2023-W28,SEAL-001,EPDM O-Ring Pack,Seals,279,265,-14,0.050179211469534,2023-07
2023-07-17,2023-W29,SEAL-001,EPDM O-Ring Pack,Seals,263,295,32,0.1216730038022813,2023-07
2023-07-24,2023-W30,SEAL-001,EPDM O-Ring Pack,Seals,198,229,31,0.1565656565656565,2023-07
2023-07-31,2023-W31,SEAL-001,EPDM O-Ring Pack,Seals,261,262,1,0.003831417624521,2023-07
2023-08-07,2023-W32,SEAL-001,EPDM O-Ring Pack,Seals,225,220,-5,0.0222222222222222,2023-08
2023-08-14,2023-W33,SEAL-001,EPDM O-Ring Pack,Seals,250,222,-28,0.112,2023-08
2023-08-21,2023-W34,SEAL-001,EPDM O-Ring Pack,Seals,185,192,7,0.0378378378378378,2023-08
2023-08-28,2023-W35,SEAL-001,EPDM O-Ring Pack,Seals,202,235,33,0.1633663366336633,2023-08
2023-09-04,2023-W36,SEAL-001,EPDM O-Ring Pack,Seals,232,243,11,0.0474137931034482,2023-09
2023-09-11,2023-W37,SEAL-001,EPDM O-Ring Pack,Seals,193,207,14,0.0725388601036269,2023-09
2023-09-18,2023-W38,SEAL-001,EPDM O-Ring Pack,Seals,166,158,-8,0.0481927710843373,2023-09
2023-09-25,2023-W39,SEAL-001,EPDM O-Ring Pack,Seals,200,232,32,0.16,2023-09
2023-10-02,2023-W40,SEAL-001,EPDM O-Ring Pack,Seals,174,175,1,0.0057471264367816,2023-10
2023-10-09,2023-W41,SEAL-001,EPDM O-Ring Pack,Seals,198,196,-2,0.0101010101010101,2023-10
2023-10-16,2023-W42,SEAL-001,EPDM O-Ring Pack,Seals,175,163,-12,0.0685714285714285,2023-10
2023-10-23,2023-W43,SEAL-001,EPDM O-Ring Pack,Seals,212,192,-20,0.0943396226415094,2023-10
2023-10-30,2023-W44,SEAL-001,EPDM O-Ring Pack,Seals,207,238,31,0.1497584541062802,2023-10
2023-11-06,2023-W45,SEAL-001,EPDM O-Ring Pack,Seals,208,202,-6,0.0288461538461538,2023-11
2023-11-13,2023-W46,SEAL-001,EPDM O-Ring Pack,Seals,197,170,-27,0.1370558375634517,2023-11
2023-11-20,2023-W47,SEAL-001,EPDM O-Ring Pack,Seals,217,227,10,0.0460829493087557,2023-11
2023-11-27,2023-W48,SEAL-001,EPDM O-Ring Pack,Seals,222,224,2,0.009009009009009,2023-11
2023-12-04,2023-W49,SEAL-001,EPDM O-Ring Pack,Seals,228,225,-3,0.0131578947368421,2023-12
2023-12-11,2023-W50,SEAL-001,EPDM O-Ring Pack,Seals,219,226,7,0.0319634703196347,2023-12
2023-12-18,2023-W51,SEAL-001,EPDM O-Ring Pack,Seals,239,250,11,0.0460251046025104,2023-12
2023-12-25,2023-W52,SEAL-001,EPDM O-Ring Pack,Seals,227,249,22,0.0969162995594713,2023-12
2024-01-01,2024-W00,SEAL-001,EPDM O-Ring Pack,Seals,265,226,-39,0.1471698113207547,2024-01
2024-01-08,2024-W01,SEAL-001,EPDM O-Ring Pack,Seals,280,241,-39,0.1392857142857143,2024-01
2024-01-15,2024-W02,SEAL-001,EPDM O-Ring Pack,Seals,235,244,9,0.0382978723404255,2024-01
2024-01-22,2024-W03,SEAL-001,EPDM O-Ring Pack,Seals,289,264,-25,0.0865051903114186,2024-01
2024-01-29,2024-W04,SEAL-001,EPDM O-Ring Pack,Seals,266,311,45,0.169172932330827,2024-01
2024-02-05,2024-W05,SEAL-001,EPDM O-Ring Pack,Seals,246,259,13,0.0528455284552845,2024-02
2024-02-12,2024-W06,SEAL-001,EPDM O-Ring Pack,Seals,280,309,29,0.1035714285714285,2024-02
2024-02-19,2024-W07,SEAL-001,EPDM O-Ring Pack,Seals,270,306,36,0.1333333333333333,2024-02
2024-02-26,2024-W08,SEAL-001,EPDM O-Ring Pack,Seals,308,262,-46,0.1493506493506493,2024-02
2024-03-04,2024-W09,SEAL-001,EPDM O-Ring Pack,Seals,327,310,-17,0.0519877675840978,2024-03
2024-03-11,2024-W10,SEAL-001,EPDM O-Ring Pack,Seals,309,274,-35,0.1132686084142394,2024-03
2024-03-18,2024-W11,SEAL-001,EPDM O-Ring Pack,Seals,403,391,-12,0.0297766749379652,2024-03
2024-03-25,2024-W12,SEAL-001,EPDM O-Ring Pack,Seals,331,378,47,0.1419939577039275,2024-03
2024-04-01,2024-W13,SEAL-001,EPDM O-Ring Pack,Seals,333,380,47,0.1411411411411411,2024-04
2024-04-08,2024-W14,SEAL-001,EPDM O-Ring Pack,Seals,329,335,6,0.0182370820668693,2024-04
2024-04-15,2024-W15,SEAL-001,EPDM O-Ring Pack,Seals,405,362,-43,0.1061728395061728,2024-04
2024-04-22,2024-W16,SEAL-001,EPDM O-Ring Pack,Seals,306,343,37,0.1209150326797385,2024-04
2024-04-29,2024-W17,SEAL-001,EPDM O-Ring Pack,Seals,325,374,49,0.1507692307692307,2024-04
2024-05-06,2024-W18,SEAL-001,EPDM O-Ring Pack,Seals,393,349,-44,0.1119592875318066,2024-05
2024-05-13,2024-W19,SEAL-001,EPDM O-Ring Pack,Seals,345,362,17,0.0492753623188405,2024-05
2024-05-20,2024-W20,SEAL-001,EPDM O-Ring Pack,Seals,322,299,-23,0.0714285714285714,2024-05
2024-05-27,2024-W21,SEAL-001,EPDM O-Ring Pack,Seals,399,454,55,0.137844611528822,2024-05
2024-06-03,2024-W22,SEAL-001,EPDM O-Ring Pack,Seals,327,366,39,0.1192660550458715,2024-06
2024-06-10,2024-W23,SEAL-001,EPDM O-Ring Pack,Seals,322,378,56,0.1739130434782608,2024-06
2024-06-17,2024-W24,SEAL-001,EPDM O-Ring Pack,Seals,288,294,6,0.0208333333333333,2024-06
2024-06-24,2024-W25,SEAL-001,EPDM O-Ring Pack,Seals,304,321,17,0.0559210526315789,2024-06
2024-07-01,2024-W26,SEAL-001,EPDM O-Ring Pack,Seals,237,272,35,0.1476793248945147,2024-07
2024-07-08,2024-W27,SEAL-001,EPDM O-Ring Pack,Seals,296,253,-43,0.1452702702702702,2024-07
2024-07-15,2024-W28,SEAL-001,EPDM O-Ring Pack,Seals,320,352,32,0.1,2024-07
2024-07-22,2024-W29,SEAL-001,EPDM O-Ring Pack,Seals,258,254,-4,0.0155038759689922,2024-07
2024-07-29,2024-W30,SEAL-001,EPDM O-Ring Pack,Seals,285,248,-37,0.1298245614035087,2024-07
2024-08-05,2024-W31,SEAL-001,EPDM O-Ring Pack,Seals,246,217,-29,0.1178861788617886,2024-08
2024-08-12,2024-W32,SEAL-001,EPDM O-Ring Pack,Seals,217,209,-8,0.0368663594470046,2024-08
2024-08-19,2024-W33,SEAL-001,EPDM O-Ring Pack,Seals,278,280,2,0.0071942446043165,2024-08
2024-08-26,2024-W34,SEAL-001,EPDM O-Ring Pack,Seals,212,201,-11,0.0518867924528301,2024-08
2024-09-02,2024-W35,SEAL-001,EPDM O-Ring Pack,Seals,213,199,-14,0.0657276995305164,2024-09
2024-09-09,2024-W36,SEAL-001,EPDM O-Ring Pack,Seals,279,282,3,0.010752688172043,2024-09
2024-09-16,2024-W37,SEAL-001,EPDM O-Ring Pack,Seals,243,239,-4,0.0164609053497942,2024-09
2024-09-23,2024-W38,SEAL-001,EPDM O-Ring Pack,Seals,225,216,-9,0.04,2024-09
2024-09-30,2024-W39,SEAL-001,EPDM O-Ring Pack,Seals,194,199,5,0.0257731958762886,2024-09
2024-10-07,2024-W40,SEAL-001,EPDM O-Ring Pack,Seals,243,243,0,0.0,2024-10
2024-10-14,2024-W41,SEAL-001,EPDM O-Ring Pack,Seals,251,259,8,0.0318725099601593,2024-10
2024-10-21,2024-W42,SEAL-001,EPDM O-Ring Pack,Seals,190,203,13,0.0684210526315789,2024-10
2024-10-28,2024-W43,SEAL-001,EPDM O-Ring Pack,Seals,236,258,22,0.0932203389830508,2024-10
2024-11-04,2024-W44,SEAL-001,EPDM O-Ring Pack,Seals,256,218,-38,0.1484375,2024-11
2024-11-11,2024-W45,SEAL-001,EPDM O-Ring Pack,Seals,263,298,35,0.1330798479087452,2024-11
2024-11-18,2024-W46,SEAL-001,EPDM O-Ring Pack,Seals,237,202,-35,0.1476793248945147,2024-11
2024-11-25,2024-W47,SEAL-001,EPDM O-Ring Pack,Seals,228,242,14,0.0614035087719298,2024-11
2024-12-02,2024-W48,SEAL-001,EPDM O-Ring Pack,Seals,225,199,-26,0.1155555555555555,2024-12
2024-12-09,2024-W49,SEAL-001,EPDM O-Ring Pack,Seals,253,251,-2,0.0079051383399209,2024-12
2024-12-16,2024-W50,SEAL-001,EPDM O-Ring Pack,Seals,261,275,14,0.053639846743295,2024-12
2024-12-23,2024-W51,SEAL-001,EPDM O-Ring Pack,Seals,235,263,28,0.1191489361702127,2024-12
2024-12-30,2024-W52,SEAL-001,EPDM O-Ring Pack,Seals,251,238,-13,0.0517928286852589,2024-12
2023-01-02,2023-W01,SEAL-002,Press Fitting Seal,Seals,158,182,24,0.1518987341772152,2023-01
2023-01-09,2023-W02,SEAL-002,Press Fitting Seal,Seals,182,201,19,0.1043956043956044,2023-01
2023-01-16,2023-W03,SEAL-002,Press Fitting Seal,Seals,135,149,14,0.1037037037037037,2023-01
2023-01-23,2023-W04,SEAL-002,Press Fitting Seal,Seals,175,171,-4,0.0228571428571428,2023-01
2023-01-30,2023-W05,SEAL-002,Press Fitting Seal,Seals,158,180,22,0.1392405063291139,2023-01
2023-02-06,2023-W06,SEAL-002,Press Fitting Seal,Seals,163,141,-22,0.1349693251533742,2023-02
2023-02-13,2023-W07,SEAL-002,Press Fitting Seal,Seals,160,178,18,0.1125,2023-02
2023-02-20,2023-W08,SEAL-002,Press Fitting Seal,Seals,152,140,-12,0.0789473684210526,2023-02
2023-02-27,2023-W09,SEAL-002,Press Fitting Seal,Seals,170,195,25,0.1470588235294117,2023-02
2023-03-06,2023-W10,SEAL-002,Press Fitting Seal,Seals,197,207,10,0.0507614213197969,2023-03
2023-03-13,2023-W11,SEAL-002,Press Fitting Seal,Seals,217,218,1,0.0046082949308755,2023-03
2023-03-20,2023-W12,SEAL-002,Press Fitting Seal,Seals,208,185,-23,0.110576923076923,2023-03
2023-03-27,2023-W13,SEAL-002,Press Fitting Seal,Seals,190,187,-3,0.0157894736842105,2023-03
2023-04-03,2023-W14,SEAL-002,Press Fitting Seal,Seals,199,199,0,0.0,2023-04
2023-04-10,2023-W15,SEAL-002,Press Fitting Seal,Seals,157,160,3,0.019108280254777,2023-04
2023-04-17,2023-W16,SEAL-002,Press Fitting Seal,Seals,202,187,-15,0.0742574257425742,2023-04
2023-04-24,2023-W17,SEAL-002,Press Fitting Seal,Seals,178,162,-16,0.0898876404494382,2023-04
2023-05-01,2023-W18,SEAL-002,Press Fitting Seal,Seals,234,255,21,0.0897435897435897,2023-05
2023-05-08,2023-W19,SEAL-002,Press Fitting Seal,Seals,175,187,12,0.0685714285714285,2023-05
2023-05-15,2023-W20,SEAL-002,Press Fitting Seal,Seals,151,147,-4,0.0264900662251655,2023-05
2023-05-22,2023-W21,SEAL-002,Press Fitting Seal,Seals,185,196,11,0.0594594594594594,2023-05
2023-05-29,2023-W22,SEAL-002,Press Fitting Seal,Seals,222,252,30,0.1351351351351351,2023-05
2023-06-05,2023-W23,SEAL-002,Press Fitting Seal,Seals,183,165,-18,0.0983606557377049,2023-06
2023-06-12,2023-W24,SEAL-002,Press Fitting Seal,Seals,190,180,-10,0.0526315789473684,2023-06
2023-06-19,2023-W25,SEAL-002,Press Fitting Seal,Seals,166,142,-24,0.144578313253012,2023-06
2023-06-26,2023-W26,SEAL-002,Press Fitting Seal,Seals,180,208,28,0.1555555555555555,2023-06
2023-07-03,2023-W27,SEAL-002,Press Fitting Seal,Seals,170,184,14,0.0823529411764705,2023-07
2023-07-10,2023-W28,SEAL-002,Press Fitting Seal,Seals,153,141,-12,0.0784313725490196,2023-07
2023-07-17,2023-W29,SEAL-002,Press Fitting Seal,Seals,175,178,3,0.0171428571428571,2023-07
2023-07-24,2023-W30,SEAL-002,Press Fitting Seal,Seals,156,149,-7,0.0448717948717948,2023-07
2023-07-31,2023-W31,SEAL-002,Press Fitting Seal,Seals,151,136,-15,0.0993377483443708,2023-07
2023-08-07,2023-W32,SEAL-002,Press Fitting Seal,Seals,154,139,-15,0.0974025974025974,2023-08
2023-08-14,2023-W33,SEAL-002,Press Fitting Seal,Seals,136,116,-20,0.1470588235294117,2023-08
2023-08-21,2023-W34,SEAL-002,Press Fitting Seal,Seals,149,142,-7,0.046979865771812,2023-08
2023-08-28,2023-W35,SEAL-002,Press Fitting Seal,Seals,147,130,-17,0.1156462585034013,2023-08
2023-09-04,2023-W36,SEAL-002,Press Fitting Seal,Seals,142,157,15,0.1056338028169014,2023-09
2023-09-11,2023-W37,SEAL-002,Press Fitting Seal,Seals,133,140,7,0.0526315789473684,2023-09
2023-09-18,2023-W38,SEAL-002,Press Fitting Seal,Seals,137,120,-17,0.1240875912408759,2023-09
2023-09-25,2023-W39,SEAL-002,Press Fitting Seal,Seals,106,113,7,0.0660377358490566,2023-09
2023-10-02,2023-W40,SEAL-002,Press Fitting Seal,Seals,149,165,16,0.1073825503355704,2023-10
2023-10-09,2023-W41,SEAL-002,Press Fitting Seal,Seals,132,120,-12,0.0909090909090909,2023-10
2023-10-16,2023-W42,SEAL-002,Press Fitting Seal,Seals,128,122,-6,0.046875,2023-10
2023-10-23,2023-W43,SEAL-002,Press Fitting Seal,Seals,105,119,14,0.1333333333333333,2023-10
2023-10-30,2023-W44,SEAL-002,Press Fitting Seal,Seals,146,152,6,0.0410958904109589,2023-10
2023-11-06,2023-W45,SEAL-002,Press Fitting Seal,Seals,132,145,13,0.0984848484848484,2023-11
2023-11-13,2023-W46,SEAL-002,Press Fitting Seal,Seals,147,138,-9,0.0612244897959183,2023-11
2023-11-20,2023-W47,SEAL-002,Press Fitting Seal,Seals,127,130,3,0.0236220472440944,2023-11
2023-11-27,2023-W48,SEAL-002,Press Fitting Seal,Seals,132,126,-6,0.0454545454545454,2023-11
2023-12-04,2023-W49,SEAL-002,Press Fitting Seal,Seals,128,120,-8,0.0625,2023-12
2023-12-11,2023-W50,SEAL-002,Press Fitting Seal,Seals,160,136,-24,0.15,2023-12
2023-12-18,2023-W51,SEAL-002,Press Fitting Seal,Seals,149,155,6,0.0402684563758389,2023-12
2023-12-25,2023-W52,SEAL-002,Press Fitting Seal,Seals,167,146,-21,0.1257485029940119,2023-12
2024-01-01,2024-W00,SEAL-002,Press Fitting Seal,Seals,173,185,12,0.0693641618497109,2024-01
2024-01-08,2024-W01,SEAL-002,Press Fitting Seal,Seals,193,224,31,0.160621761658031,2024-01
2024-01-15,2024-W02,SEAL-002,Press Fitting Seal,Seals,195,218,23,0.1179487179487179,2024-01
2024-01-22,2024-W03,SEAL-002,Press Fitting Seal,Seals,173,169,-4,0.0231213872832369,2024-01
2024-01-29,2024-W04,SEAL-002,Press Fitting Seal,Seals,164,156,-8,0.048780487804878,2024-01
2024-02-05,2024-W05,SEAL-002,Press Fitting Seal,Seals,154,152,-2,0.0129870129870129,2024-02
2024-02-12,2024-W06,SEAL-002,Press Fitting Seal,Seals,179,209,30,0.1675977653631284,2024-02
2024-02-19,2024-W07,SEAL-002,Press Fitting Seal,Seals,243,273,30,0.1234567901234567,2024-02
2024-02-26,2024-W08,SEAL-002,Press Fitting Seal,Seals,190,184,-6,0.031578947368421,2024-02
2024-03-04,2024-W09,SEAL-002,Press Fitting Seal,Seals,173,168,-5,0.0289017341040462,2024-03
2024-03-11,2024-W10,SEAL-002,Press Fitting Seal,Seals,183,211,28,0.1530054644808743,2024-03
2024-03-18,2024-W11,SEAL-002,Press Fitting Seal,Seals,211,186,-25,0.1184834123222748,2024-03
2024-03-25,2024-W12,SEAL-002,Press Fitting Seal,Seals,195,205,10,0.0512820512820512,2024-03
2024-04-01,2024-W13,SEAL-002,Press Fitting Seal,Seals,224,190,-34,0.1517857142857142,2024-04
2024-04-08,2024-W14,SEAL-002,Press Fitting Seal,Seals,197,188,-9,0.0456852791878172,2024-04
2024-04-15,2024-W15,SEAL-002,Press Fitting Seal,Seals,219,256,37,0.1689497716894977,2024-04
2024-04-22,2024-W16,SEAL-002,Press Fitting Seal,Seals,268,305,37,0.1380597014925373,2024-04
2024-04-29,2024-W17,SEAL-002,Press Fitting Seal,Seals,214,241,27,0.1261682242990654,2024-04
2024-05-06,2024-W18,SEAL-002,Press Fitting Seal,Seals,215,247,32,0.1488372093023255,2024-05
2024-05-13,2024-W19,SEAL-002,Press Fitting Seal,Seals,214,252,38,0.1775700934579439,2024-05
2024-05-20,2024-W20,SEAL-002,Press Fitting Seal,Seals,223,208,-15,0.0672645739910313,2024-05
2024-05-27,2024-W21,SEAL-002,Press Fitting Seal,Seals,230,213,-17,0.0739130434782608,2024-05
2024-06-03,2024-W22,SEAL-002,Press Fitting Seal,Seals,208,239,31,0.1490384615384615,2024-06
2024-06-10,2024-W23,SEAL-002,Press Fitting Seal,Seals,206,211,5,0.0242718446601941,2024-06
2024-06-17,2024-W24,SEAL-002,Press Fitting Seal,Seals,199,200,1,0.0050251256281407,2024-06
2024-06-24,2024-W25,SEAL-002,Press Fitting Seal,Seals,219,199,-20,0.091324200913242,2024-06
2024-07-01,2024-W26,SEAL-002,Press Fitting Seal,Seals,164,169,5,0.0304878048780487,2024-07
2024-07-08,2024-W27,SEAL-002,Press Fitting Seal,Seals,173,160,-13,0.0751445086705202,2024-07
2024-07-15,2024-W28,SEAL-002,Press Fitting Seal,Seals,155,156,1,0.0064516129032258,2024-07
2024-07-22,2024-W29,SEAL-002,Press Fitting Seal,Seals,190,197,7,0.0368421052631578,2024-07
2024-07-29,2024-W30,SEAL-002,Press Fitting Seal,Seals,196,172,-24,0.1224489795918367,2024-07
2024-08-05,2024-W31,SEAL-002,Press Fitting Seal,Seals,146,161,15,0.1027397260273972,2024-08
2024-08-12,2024-W32,SEAL-002,Press Fitting Seal,Seals,169,157,-12,0.0710059171597633,2024-08
2024-08-19,2024-W33,SEAL-002,Press Fitting Seal,Seals,132,149,17,0.1287878787878787,2024-08
2024-08-26,2024-W34,SEAL-002,Press Fitting Seal,Seals,145,129,-16,0.1103448275862069,2024-08
2024-09-02,2024-W35,SEAL-002,Press Fitting Seal,Seals,129,139,10,0.0775193798449612,2024-09
2024-09-09,2024-W36,SEAL-002,Press Fitting Seal,Seals,148,170,22,0.1486486486486486,2024-09
2024-09-16,2024-W37,SEAL-002,Press Fitting Seal,Seals,138,159,21,0.1521739130434782,2024-09
2024-09-23,2024-W38,SEAL-002,Press Fitting Seal,Seals,105,107,2,0.019047619047619,2024-09
2024-09-30,2024-W39,SEAL-002,Press Fitting Seal,Seals,185,199,14,0.0756756756756756,2024-09
2024-10-07,2024-W40,SEAL-002,Press Fitting Seal,Seals,134,118,-16,0.1194029850746268,2024-10
2024-10-14,2024-W41,SEAL-002,Press Fitting Seal,Seals,136,118,-18,0.1323529411764706,2024-10
2024-10-21,2024-W42,SEAL-002,Press Fitting Seal,Seals,158,175,17,0.1075949367088607,2024-10
2024-10-28,2024-W43,SEAL-002,Press Fitting Seal,Seals,129,136,7,0.0542635658914728,2024-10
2024-11-04,2024-W44,SEAL-002,Press Fitting Seal,Seals,143,163,20,0.1398601398601398,2024-11
2024-11-11,2024-W45,SEAL-002,Press Fitting Seal,Seals,165,160,-5,0.0303030303030303,2024-11
2024-11-18,2024-W46,SEAL-002,Press Fitting Seal,Seals,141,147,6,0.0425531914893617,2024-11
2024-11-25,2024-W47,SEAL-002,Press Fitting Seal,Seals,124,142,18,0.1451612903225806,2024-11
2024-12-02,2024-W48,SEAL-002,Press Fitting Seal,Seals,187,190,3,0.0160427807486631,2024-12
2024-12-09,2024-W49,SEAL-002,Press Fitting Seal,Seals,167,169,2,0.0119760479041916,2024-12
2024-12-16,2024-W50,SEAL-002,Press Fitting Seal,Seals,166,150,-16,0.0963855421686747,2024-12
2024-12-23,2024-W51,SEAL-002,Press Fitting Seal,Seals,189,209,20,0.1058201058201058,2024-12
2024-12-30,2024-W52,SEAL-002,Press Fitting Seal,Seals,168,186,18,0.1071428571428571,2024-12
