week_start,year_week,product_id,product_name,category,actual_demand,forecast,forecast_error,ape
2023-01-02,2023-W01,PIPE-001,Copper Pipe 15mm,Pipes,113,111,-2,0.017699115044247787
2023-01-09,2023-W02,PIPE-001,Copper Pipe 15mm,Pipes,125,119,-6,0.048
2023-01-16,2023-W03,PIPE-001,Copper Pipe 15mm,Pipes,127,147,20,0.15748031496062992
2023-01-23,2023-W04,PIPE-001,Copper Pipe 15mm,Pipes,127,144,17,0.13385826771653545
2023-01-30,2023-W05,PIPE-001,Copper Pipe 15mm,Pipes,114,112,-2,0.017543859649122806
2023-02-06,2023-W06,PIPE-001,Copper Pipe 15mm,Pipes,125,111,-14,0.112
2023-02-13,2023-W07,PIPE-001,Copper Pipe 15mm,Pipes,173,199,26,0.15028901734104047
2023-02-20,2023-W08,PIPE-001,Copper Pipe 15mm,Pipes,158,168,10,0.06329113924050633
2023-02-27,2023-W09,PIPE-001,Copper Pipe 15mm,Pipes,157,139,-18,0.11464968152866242
2023-03-06,2023-W10,PIPE-001,Copper Pipe 15mm,Pipes,165,159,-6,0.03636363636363636
2023-03-13,2023-W11,PIPE-001,Copper Pipe 15mm,Pipes,153,173,20,0.13071895424836602
2023-03-20,2023-W12,PIPE-001,Copper Pipe 15mm,Pipes,171,148,-23,0.13450292397660818
2023-03-27,2023-W13,PIPE-001,Copper Pipe 15mm,Pipes,151,152,1,0.006622516556291391
2023-04-03,2023-W14,PIPE-001,Copper Pipe 15mm,Pipes,142,133,-9,0.06338028169014084
2023-04-10,2023-W15,PIPE-001,Copper Pipe 15mm,Pipes,143,144,1,0.006993006993006993
2023-04-17,2023-W16,PIPE-001,Copper Pipe 15mm,Pipes,153,170,17,0.1111111111111111
2023-04-24,2023-W17,PIPE-001,Copper Pipe 15mm,Pipes,148,149,1,0.006756756756756757
2023-05-01,2023-W18,PIPE-001,Copper Pipe 15mm,Pipes,161,173,12,0.07453416149068323
2023-05-08,2023-W19,PIPE-001,Copper Pipe 15mm,Pipes,119,125,6,0.05042016806722689
2023-05-15,2023-W20,PIPE-001,Copper Pipe 15mm,Pipes,167,195,28,0.16766467065868262
2023-05-22,2023-W21,PIPE-001,Copper Pipe 15mm,Pipes,153,150,-3,0.0196078431372549
2023-05-29,2023-W22,PIPE-001,Copper Pipe 15mm,Pipes,144,149,5,0.034722222222222224
2023-06-05,2023-W23,PIPE-001,Copper Pipe 15mm,Pipes,141,133,-8,0.05673758865248227
2023-06-12,2023-W24,PIPE-001,Copper Pipe 15mm,Pipes,141,164,23,0.16312056737588654
2023-06-19,2023-W25,PIPE-001,Copper Pipe 15mm,Pipes,158,176,18,0.11392405063291139
2023-06-26,2023-W26,PIPE-001,Copper Pipe 15mm,Pipes,164,146,-18,0.10975609756097561
2023-07-03,2023-W27,PIPE-001,Copper Pipe 15mm,Pipes,133,127,-6,0.045112781954887216
2023-07-10,2023-W28,PIPE-001,Copper Pipe 15mm,Pipes,144,161,17,0.11805555555555555
2023-07-17,2023-W29,PIPE-001,Copper Pipe 15mm,Pipes,136,120,-16,0.11764705882352941
2023-07-24,2023-W30,PIPE-001,Copper Pipe 15mm,Pipes,135,157,22,0.16296296296296298
2023-07-31,2023-W31,PIPE-001,Copper Pipe 15mm,Pipes,129,112,-17,0.13178294573643412
2023-08-07,2023-W32,PIPE-001,Copper Pipe 15mm,Pipes,119,107,-12,0.10084033613445378
2023-08-14,2023-W33,PIPE-001,Copper Pipe 15mm,Pipes,115,111,-4,0.034782608695652174
2023-08-21,2023-W34,PIPE-001,Copper Pipe 15mm,Pipes,116,109,-7,0.0603448275862069
2023-08-28,2023-W35,PIPE-001,Copper Pipe 15mm,Pipes,124,122,-2,0.016129032258064516
2023-09-04,2023-W36,PIPE-001,Copper Pipe 15mm,Pipes,90,105,15,0.16666666666666666
2023-09-11,2023-W37,PIPE-001,Copper Pipe 15mm,Pipes,114,107,-7,0.06140350877192982
2023-09-18,2023-W38,PIPE-001,Copper Pipe 15mm,Pipes,110,96,-14,0.12727272727272726
2023-09-25,2023-W39,PIPE-001,Copper Pipe 15mm,Pipes,83,76,-7,0.08433734939759036
2023-10-02,2023-W40,PIPE-001,Copper Pipe 15mm,Pipes,98,114,16,0.16326530612244897
2023-10-09,2023-W41,PIPE-001,Copper Pipe 15mm,Pipes,86,78,-8,0.09302325581395349
2023-10-16,2023-W42,PIPE-001,Copper Pipe 15mm,Pipes,97,91,-6,0.061855670103092786
2023-10-23,2023-W43,PIPE-001,Copper Pipe 15mm,Pipes,111,105,-6,0.05405405405405406
2023-10-30,2023-W44,PIPE-001,Copper Pipe 15mm,Pipes,87,80,-7,0.08045977011494253
2023-11-06,2023-W45,PIPE-001,Copper Pipe 15mm,Pipes,99,87,-12,0.12121212121212122
2023-11-13,2023-W46,PIPE-001,Copper Pipe 15mm,Pipes,95,81,-14,0.14736842105263157
2023-11-20,2023-W47,PIPE-001,Copper Pipe 15mm,Pipes,100,110,10,0.1
2023-11-27,2023-W48,PIPE-001,Copper Pipe 15mm,Pipes,107,119,12,0.11214953271028037
2023-12-04,2023-W49,PIPE-001,Copper Pipe 15mm,Pipes,94,84,-10,0.10638297872340426
2023-12-11,2023-W50,PIPE-001,Copper Pipe 15mm,Pipes,121,132,11,0.09090909090909091
2023-12-18,2023-W51,PIPE-001,Copper Pipe 15mm,Pipes,137,116,-21,0.15328467153284672
2023-12-25,2023-W52,PIPE-001,Copper Pipe 15mm,Pipes,130,150,20,0.15384615384615385
2024-01-01,2024-W00,PIPE-001,Copper Pipe 15mm,Pipes,132,129,-3,0.022727272727272728
2024-01-08,2024-W01,PIPE-001,Copper Pipe 15mm,Pipes,126,107,-19,0.15079365079365079
2024-01-15,2024-W02,PIPE-001,Copper Pipe 15mm,Pipes,157,176,19,0.12101910828025478
2024-01-22,2024-W03,PIPE-001,Copper Pipe 15mm,Pipes,134,152,18,0.13432835820895522
2024-01-29,2024-W04,PIPE-001,Copper Pipe 15mm,Pipes,166,145,-21,0.12650602409638553
2024-02-05,2024-W05,PIPE-001,Copper Pipe 15mm,Pipes,149,150,1,0.006711409395973154
2024-02-12,2024-W06,PIPE-001,Copper Pipe 15mm,Pipes,146,139,-7,0.04794520547945205
2024-02-19,2024-W07,PIPE-001,Copper Pipe 15mm,Pipes,136,134,-2,0.014705882352941176
2024-02-26,2024-W08,PIPE-001,Copper Pipe 15mm,Pipes,166,162,-4,0.024096385542168676
2024-03-04,2024-W09,PIPE-001,Copper Pipe 15mm,Pipes,168,197,29,0.17261904761904762
2024-03-11,2024-W10,PIPE-001,Copper Pipe 15mm,Pipes,166,176,10,0.060240963855421686
2024-03-18,2024-W11,PIPE-001,Copper Pipe 15mm,Pipes,192,169,-23,0.11979166666666667
2024-03-25,2024-W12,PIPE-001,Copper Pipe 15mm,Pipes,170,199,29,0.17058823529411765
2024-04-01,2024-W13,PIPE-001,Copper Pipe 15mm,Pipes,190,201,11,0.05789473684210526
2024-04-08,2024-W14,PIPE-001,Copper Pipe 15mm,Pipes,178,171,-7,0.03932584269662921
2024-04-15,2024-W15,PIPE-001,Copper Pipe 15mm,Pipes,179,167,-12,0.0670391061452514
2024-04-22,2024-W16,PIPE-001,Copper Pipe 15mm,Pipes,151,140,-11,0.0728476821192053
2024-04-29,2024-W17,PIPE-001,Copper Pipe 15mm,Pipes,129,147,18,0.13953488372093023
2024-05-06,2024-W18,PIPE-001,Copper Pipe 15mm,Pipes,174,194,20,0.11494252873563218
2024-05-13,2024-W19,PIPE-001,Copper Pipe 15mm,Pipes,168,173,5,0.02976190476190476
2024-05-20,2024-W20,PIPE-001,Copper Pipe 15mm,Pipes,167,190,23,0.1377245508982036
2024-05-27,2024-W21,PIPE-001,Copper Pipe 15mm,Pipes,179,173,-6,0.0335195530726257
2024-06-03,2024-W22,PIPE-001,Copper Pipe 15mm,Pipes,136,140,4,0.029411764705882353
2024-06-10,2024-W23,PIPE-001,Copper Pipe 15mm,Pipes,127,131,4,0.031496062992125984
2024-06-17,2024-W24,PIPE-001,Copper Pipe 15mm,Pipes,125,144,19,0.152
2024-06-24,2024-W25,PIPE-001,Copper Pipe 15mm,Pipes,155,161,6,0.03870967741935484
2024-07-01,2024-W26,PIPE-001,Copper Pipe 15mm,Pipes,163,179,16,0.09815950920245399
2024-07-08,2024-W27,PIPE-001,Copper Pipe 15mm,Pipes,124,144,20,0.16129032258064516
2024-07-15,2024-W28,PIPE-001,Copper Pipe 15mm,Pipes,125,124,-1,0.008
2024-07-22,2024-W29,PIPE-001,Copper Pipe 15mm,Pipes,139,140,1,0.007194244604316547
2024-07-29,2024-W30,PIPE-001,Copper Pipe 15mm,Pipes,136,158,22,0.16176470588235295
2024-08-05,2024-W31,PIPE-001,Copper Pipe 15mm,Pipes,132,133,1,0.007575757575757576
2024-08-12,2024-W32,PIPE-001,Copper Pipe 15mm,Pipes,128,109,-19,0.1484375
2024-08-19,2024-W33,PIPE-001,Copper Pipe 15mm,Pipes,109,94,-15,0.13761467889908258
2024-08-26,2024-W34,PIPE-001,Copper Pipe 15mm,Pipes,123,126,3,0.024390243902439025
2024-09-02,2024-W35,PIPE-001,Copper Pipe 15mm,Pipes,93,80,-13,0.13978494623655913
2024-09-09,2024-W36,PIPE-001,Copper Pipe 15mm,Pipes,110,115,5,0.045454545454545456
2024-09-16,2024-W37,PIPE-001,Copper Pipe 15mm,Pipes,96,86,-10,0.10416666666666667
2024-09-23,2024-W38,PIPE-001,Copper Pipe 15mm,Pipes,119,140,21,0.17647058823529413
2024-09-30,2024-W39,PIPE-001,Copper Pipe 15mm,Pipes,108,126,18,0.16666666666666666
2024-10-07,2024-W40,PIPE-001,Copper Pipe 15mm,Pipes,103,110,7,0.06796116504854369
2024-10-14,2024-W41,PIPE-001,Copper Pipe 15mm,Pipes,115,113,-2,0.017391304347826087
2024-10-21,2024-W42,PIPE-001,Copper Pipe 15mm,Pipes,91,95,4,0.04395604395604396
2024-10-28,2024-W43,PIPE-001,Copper Pipe 15mm,Pipes,117,119,2,0.017094017094017096
2024-11-04,2024-W44,PIPE-001,Copper Pipe 15mm,Pipes,98,94,-4,0.04081632653061224
2024-11-11,2024-W45,PIPE-001,Copper Pipe 15mm,Pipes,85,89,4,0.047058823529411764
2024-11-18,2024-W46,PIPE-001,Copper Pipe 15mm,Pipes,118,129,11,0.09322033898305085
2024-11-25,2024-W47,PIPE-001,Copper Pipe 15mm,Pipes,124,142,18,0.14516129032258066
2024-12-02,2024-W48,PIPE-001,Copper Pipe 15mm,Pipes,129,118,-11,0.08527131782945736
2024-12-09,2024-W49,PIPE-001,Copper Pipe 15mm,Pipes,135,143,8,0.05925925925925926
2024-12-16,2024-W50,PIPE-001,Copper Pipe 15mm,Pipes,147,165,18,0.12244897959183673
2024-12-23,2024-W51,PIPE-001,Copper Pipe 15mm,Pipes,125,136,11,0.088
2024-12-30,2024-W52,PIPE-001,Copper Pipe 15mm,Pipes,139,151,12,0.08633093525179857
2023-01-02,2023-W01,PIPE-002,Steel Pipe 22mm,Pipes,120,130,10,0.08333333333333333
2023-01-09,2023-W02,PIPE-002,Steel Pipe 22mm,Pipes,94,90,-4,0.0425531914893617
2023-01-16,2023-W03,PIPE-002,Steel Pipe 22mm,Pipes,105,99,-6,0.05714285714285714
2023-01-23,2023-W04,PIPE-002,Steel Pipe 22mm,Pipes,117,109,-8,0.06837606837606838
2023-01-30,2023-W05,PIPE-002,Steel Pipe 22mm,Pipes,103,102,-1,0.009708737864077669
2023-02-06,2023-W06,PIPE-002,Steel Pipe 22mm,Pipes,128,125,-3,0.0234375
2023-02-13,2023-W07,PIPE-002,Steel Pipe 22mm,Pipes,126,110,-16,0.12698412698412698
2023-02-20,2023-W08,PIPE-002,Steel Pipe 22mm,Pipes,130,136,6,0.046153846153846156
2023-02-27,2023-W09,PIPE-002,Steel Pipe 22mm,Pipes,118,116,-2,0.01694915254237288
2023-03-06,2023-W10,PIPE-002,Steel Pipe 22mm,Pipes,131,133,2,0.015267175572519083
2023-03-13,2023-W11,PIPE-002,Steel Pipe 22mm,Pipes,139,141,2,0.014388489208633094
2023-03-20,2023-W12,PIPE-002,Steel Pipe 22mm,Pipes,124,115,-9,0.07258064516129033
2023-03-27,2023-W13,PIPE-002,Steel Pipe 22mm,Pipes,149,135,-14,0.09395973154362416
2023-04-03,2023-W14,PIPE-002,Steel Pipe 22mm,Pipes,137,125,-12,0.08759124087591241
2023-04-10,2023-W15,PIPE-002,Steel Pipe 22mm,Pipes,131,132,1,0.007633587786259542
2023-04-17,2023-W16,PIPE-002,Steel Pipe 22mm,Pipes,163,147,-16,0.09815950920245399
2023-04-24,2023-W17,PIPE-002,Steel Pipe 22mm,Pipes,151,168,17,0.11258278145695365
2023-05-01,2023-W18,PIPE-002,Steel Pipe 22mm,Pipes,141,138,-3,0.02127659574468085
2023-05-08,2023-W19,PIPE-002,Steel Pipe 22mm,Pipes,152,137,-15,0.09868421052631579
2023-05-15,2023-W20,PIPE-002,Steel Pipe 22mm,Pipes,136,140,4,0.029411764705882353
2023-05-22,2023-W21,PIPE-002,Steel Pipe 22mm,Pipes,136,134,-2,0.014705882352941176
2023-05-29,2023-W22,PIPE-002,Steel Pipe 22mm,Pipes,140,125,-15,0.10714285714285714
2023-06-05,2023-W23,PIPE-002,Steel Pipe 22mm,Pipes,156,176,20,0.1282051282051282
2023-06-12,2023-W24,PIPE-002,Steel Pipe 22mm,Pipes,156,161,5,0.03205128205128205
2023-06-19,2023-W25,PIPE-002,Steel Pipe 22mm,Pipes,123,123,0,0.0
2023-06-26,2023-W26,PIPE-002,Steel Pipe 22mm,Pipes,167,146,-21,0.12574850299401197
2023-07-03,2023-W27,PIPE-002,Steel Pipe 22mm,Pipes,127,135,8,0.06299212598425197
2023-07-10,2023-W28,PIPE-002,Steel Pipe 22mm,Pipes,133,132,-1,0.007518796992481203
2023-07-17,2023-W29,PIPE-002,Steel Pipe 22mm,Pipes,119,116,-3,0.025210084033613446
2023-07-24,2023-W30,PIPE-002,Steel Pipe 22mm,Pipes,129,115,-14,0.10852713178294573
2023-07-31,2023-W31,PIPE-002,Steel Pipe 22mm,Pipes,115,115,0,0.0
2023-08-07,2023-W32,PIPE-002,Steel Pipe 22mm,Pipes,105,105,0,0.0
2023-08-14,2023-W33,PIPE-002,Steel Pipe 22mm,Pipes,125,147,22,0.176
2023-08-21,2023-W34,PIPE-002,Steel Pipe 22mm,Pipes,126,124,-2,0.015873015873015872
2023-08-28,2023-W35,PIPE-002,Steel Pipe 22mm,Pipes,122,134,12,0.09836065573770492
2023-09-04,2023-W36,PIPE-002,Steel Pipe 22mm,Pipes,100,112,12,0.12
2023-09-11,2023-W37,PIPE-002,Steel Pipe 22mm,Pipes,91,87,-4,0.04395604395604396
2023-09-18,2023-W38,PIPE-002,Steel Pipe 22mm,Pipes,119,124,5,0.04201680672268908
2023-09-25,2023-W39,PIPE-002,Steel Pipe 22mm,Pipes,116,112,-4,0.034482758620689655
2023-10-02,2023-W40,PIPE-002,Steel Pipe 22mm,Pipes,83,72,-11,0.13253012048192772
2023-10-09,2023-W41,PIPE-002,Steel Pipe 22mm,Pipes,112,131,19,0.16964285714285715
2023-10-16,2023-W42,PIPE-002,Steel Pipe 22mm,Pipes,99,105,6,0.06060606060606061
2023-10-23,2023-W43,PIPE-002,Steel Pipe 22mm,Pipes,111,106,-5,0.04504504504504504
2023-10-30,2023-W44,PIPE-002,Steel Pipe 22mm,Pipes,89,85,-4,0.0449438202247191
2023-11-06,2023-W45,PIPE-002,Steel Pipe 22mm,Pipes,102,100,-2,0.0196078431372549
2023-11-13,2023-W46,PIPE-002,Steel Pipe 22mm,Pipes,111,128,17,0.15315315315315314
2023-11-20,2023-W47,PIPE-002,Steel Pipe 22mm,Pipes,131,113,-18,0.13740458015267176
2023-11-27,2023-W48,PIPE-002,Steel Pipe 22mm,Pipes,141,162,21,0.14893617021276595
2023-12-04,2023-W49,PIPE-002,Steel Pipe 22mm,Pipes,126,109,-17,0.1349206349206349
2023-12-11,2023-W50,PIPE-002,Steel Pipe 22mm,Pipes,139,129,-10,0.07194244604316546
2023-12-18,2023-W51,PIPE-002,Steel Pipe 22mm,Pipes,129,146,17,0.13178294573643412
2023-12-25,2023-W52,PIPE-002,Steel Pipe 22mm,Pipes,129,128,-1,0.007751937984496124
2024-01-01,2024-W00,PIPE-002,Steel Pipe 22mm,Pipes,153,132,-21,0.13725490196078433
2024-01-08,2024-W01,PIPE-002,Steel Pipe 22mm,Pipes,145,124,-21,0.14482758620689656
2024-01-15,2024-W02,PIPE-002,Steel Pipe 22mm,Pipes,159,171,12,0.07547169811320754
2024-01-22,2024-W03,PIPE-002,Steel Pipe 22mm,Pipes,132,121,-11,0.08333333333333333
2024-01-29,2024-W04,PIPE-002,Steel Pipe 22mm,Pipes,148,128,-20,0.13513513513513514
2024-02-05,2024-W05,PIPE-002,Steel Pipe 22mm,Pipes,200,203,3,0.015
2024-02-12,2024-W06,PIPE-002,Steel Pipe 22mm,Pipes,188,210,22,0.11702127659574468
2024-02-19,2024-W07,PIPE-002,Steel Pipe 22mm,Pipes,175,149,-26,0.14857142857142858
2024-02-26,2024-W08,PIPE-002,Steel Pipe 22mm,Pipes,187,201,14,0.0748663101604278
2024-03-04,2024-W09,PIPE-002,Steel Pipe 22mm,Pipes,214,227,13,0.06074766355140187
2024-03-11,2024-W10,PIPE-002,Steel Pipe 22mm,Pipes,149,143,-6,0.040268456375838924
2024-03-18,2024-W11,PIPE-002,Steel Pipe 22mm,Pipes,181,176,-5,0.027624309392265192
2024-03-25,2024-W12,PIPE-002,Steel Pipe 22mm,Pipes,175,161,-14,0.08
2024-04-01,2024-W13,PIPE-002,Steel Pipe 22mm,Pipes,166,142,-24,0.14457831325301204
2024-04-08,2024-W14,PIPE-002,Steel Pipe 22mm,Pipes,235,224,-11,0.04680851063829787
2024-04-15,2024-W15,PIPE-002,Steel Pipe 22mm,Pipes,207,225,18,0.08695652173913043
2024-04-22,2024-W16,PIPE-002,Steel Pipe 22mm,Pipes,215,232,17,0.07906976744186046
2024-04-29,2024-W17,PIPE-002,Steel Pipe 22mm,Pipes,185,173,-12,0.06486486486486487
2024-05-06,2024-W18,PIPE-002,Steel Pipe 22mm,Pipes,187,210,23,0.12299465240641712
2024-05-13,2024-W19,PIPE-002,Steel Pipe 22mm,Pipes,193,164,-29,0.15025906735751296
2024-05-20,2024-W20,PIPE-002,Steel Pipe 22mm,Pipes,202,181,-21,0.10396039603960396
2024-05-27,2024-W21,PIPE-002,Steel Pipe 22mm,Pipes,211,184,-27,0.12796208530805686
2024-06-03,2024-W22,PIPE-002,Steel Pipe 22mm,Pipes,149,173,24,0.1610738255033557
2024-06-10,2024-W23,PIPE-002,Steel Pipe 22mm,Pipes,195,215,20,0.10256410256410256
2024-06-17,2024-W24,PIPE-002,Steel Pipe 22mm,Pipes,179,196,17,0.09497206703910614
2024-06-24,2024-W25,PIPE-002,Steel Pipe 22mm,Pipes,213,225,12,0.056338028169014086
2024-07-01,2024-W26,PIPE-002,Steel Pipe 22mm,Pipes,186,196,10,0.053763440860215055
2024-07-08,2024-W27,PIPE-002,Steel Pipe 22mm,Pipes,169,184,15,0.08875739644970414
2024-07-15,2024-W28,PIPE-002,Steel Pipe 22mm,Pipes,166,183,17,0.10240963855421686
2024-07-22,2024-W29,PIPE-002,Steel Pipe 22mm,Pipes,161,141,-20,0.12422360248447205
2024-07-29,2024-W30,PIPE-002,Steel Pipe 22mm,Pipes,174,175,1,0.005747126436781609
2024-08-05,2024-W31,PIPE-002,Steel Pipe 22mm,Pipes,165,164,-1,0.006060606060606061
2024-08-12,2024-W32,PIPE-002,Steel Pipe 22mm,Pipes,148,153,5,0.033783783783783786
2024-08-19,2024-W33,PIPE-002,Steel Pipe 22mm,Pipes,140,147,7,0.05
2024-08-26,2024-W34,PIPE-002,Steel Pipe 22mm,Pipes,149,167,18,0.12080536912751678
2024-09-02,2024-W35,PIPE-002,Steel Pipe 22mm,Pipes,138,144,6,0.043478260869565216
2024-09-09,2024-W36,PIPE-002,Steel Pipe 22mm,Pipes,119,107,-12,0.10084033613445378
2024-09-16,2024-W37,PIPE-002,Steel Pipe 22mm,Pipes,116,105,-11,0.09482758620689655
2024-09-23,2024-W38,PIPE-002,Steel Pipe 22mm,Pipes,128,136,8,0.0625
2024-09-30,2024-W39,PIPE-002,Steel Pipe 22mm,Pipes,157,138,-19,0.12101910828025478
2024-10-07,2024-W40,PIPE-002,Steel Pipe 22mm,Pipes,146,167,21,0.14383561643835616
2024-10-14,2024-W41,PIPE-002,Steel Pipe 22mm,Pipes,110,110,0,0.0
2024-10-21,2024-W42,PIPE-002,Steel Pipe 22mm,Pipes,119,116,-3,0.025210084033613446
2024-10-28,2024-W43,PIPE-002,Steel Pipe 22mm,Pipes,142,157,15,0.1056338028169014
2024-11-04,2024-W44,PIPE-002,Steel Pipe 22mm,Pipes,133,153,20,0.15037593984962405
2024-11-11,2024-W45,PIPE-002,Steel Pipe 22mm,Pipes,145,136,-9,0.06206896551724138
2024-11-18,2024-W46,PIPE-002,Steel Pipe 22mm,Pipes,118,132,14,0.11864406779661017
2024-11-25,2024-W47,PIPE-002,Steel Pipe 22mm,Pipes,140,134,-6,0.04285714285714286
2024-12-02,2024-W48,PIPE-002,Steel Pipe 22mm,Pipes,156,149,-7,0.04487179487179487
2024-12-09,2024-W49,PIPE-002,Steel Pipe 22mm,Pipes,173,181,8,0.046242774566473986
2024-12-16,2024-W50,PIPE-002,Steel Pipe 22mm,Pipes,165,186,21,0.12727272727272726
2024-12-23,2024-W51,PIPE-002,Steel Pipe 22mm,Pipes,161,160,-1,0.006211180124223602
2024-12-30,2024-W52,PIPE-002,Steel Pipe 22mm,Pipes,132,112,-20,0.15151515151515152
2023-01-02,2023-W01,VALV-001,"Ball Valve 1/2""",Valves,235,214,-21,0.08936170212765958
2023-01-09,2023-W02,VALV-001,"Ball Valve 1/2""",Valves,265,262,-3,0.011320754716981131
2023-01-16,2023-W03,VALV-001,"Ball Valve 1/2""",Valves,279,293,14,0.05017921146953405
2023-01-23,2023-W04,VALV-001,"Ball Valve 1/2""",Valves,248,243,-5,0.020161290322580645
2023-01-30,2023-W05,VALV-001,"Ball Valve 1/2""",Valves,219,236,17,0.0776255707762557
2023-02-06,2023-W06,VALV-001,"Ball Valve 1/2""",Valves,254,269,15,0.05905511811023622
2023-02-13,2023-W07,VALV-001,"Ball Valve 1/2""",Valves,242,226,-16,0.06611570247933884
2023-02-20,2023-W08,VALV-001,"Ball Valve 1/2""",Valves,310,341,31,0.1
2023-02-27,2023-W09,VALV-001,"Ball Valve 1/2""",Valves,265,278,13,0.04905660377358491
2023-03-06,2023-W10,VALV-001,"Ball Valve 1/2""",Valves,341,331,-10,0.02932551319648094
2023-03-13,2023-W11,VALV-001,"Ball Valve 1/2""",Valves,323,347,24,0.07430340557275542
2023-03-20,2023-W12,VALV-001,"Ball Valve 1/2""",Valves,314,320,6,0.01910828025477707
2023-03-27,2023-W13,VALV-001,"Ball Valve 1/2""",Valves,364,391,27,0.07417582417582418
2023-04-03,2023-W14,VALV-001,"Ball Valve 1/2""",Valves,291,301,10,0.03436426116838488
2023-04-10,2023-W15,VALV-001,"Ball Valve 1/2""",Valves,287,334,47,0.16376306620209058
2023-04-17,2023-W16,VALV-001,"Ball Valve 1/2""",Valves,321,356,35,0.10903426791277258
2023-04-24,2023-W17,VALV-001,"Ball Valve 1/2""",Valves,347,300,-47,0.13544668587896252
2023-05-01,2023-W18,VALV-001,"Ball Valve 1/2""",Valves,246,212,-34,0.13821138211382114
2023-05-08,2023-W19,VALV-001,"Ball Valve 1/2""",Valves,336,380,44,0.13095238095238096
2023-05-15,2023-W20,VALV-001,"Ball Valve 1/2""",Valves,277,286,9,0.032490974729241874
2023-05-22,2023-W21,VALV-001,"Ball Valve 1/2""",Valves,238,214,-24,0.10084033613445378
2023-05-29,2023-W22,VALV-001,"Ball Valve 1/2""",Valves,339,301,-38,0.11209439528023599
2023-06-05,2023-W23,VALV-001,"Ball Valve 1/2""",Valves,352,405,53,0.15056818181818182
2023-06-12,2023-W24,VALV-001,"Ball Valve 1/2""",Valves,278,244,-34,0.1223021582733813
2023-06-19,2023-W25,VALV-001,"Ball Valve 1/2""",Valves,312,326,14,0.04487179487179487
2023-06-26,2023-W26,VALV-001,"Ball Valve 1/2""",Valves,336,318,-18,0.05357142857142857
2023-07-03,2023-W27,VALV-001,"Ball Valve 1/2""",Valves,292,259,-33,0.11301369863013698
2023-07-10,2023-W28,VALV-001,"Ball Valve 1/2""",Valves,283,290,7,0.024734982332155476
2023-07-17,2023-W29,VALV-001,"Ball Valve 1/2""",Valves,305,296,-9,0.029508196721311476
2023-07-24,2023-W30,VALV-001,"Ball Valve 1/2""",Valves,270,240,-30,0.1111111111111111
2023-07-31,2023-W31,VALV-001,"Ball Valve 1/2""",Valves,280,240,-40,0.14285714285714285
2023-08-07,2023-W32,VALV-001,"Ball Valve 1/2""",Valves,200,204,4,0.02
2023-08-14,2023-W33,VALV-001,"Ball Valve 1/2""",Valves,270,292,22,0.08148148148148149
2023-08-21,2023-W34,VALV-001,"Ball Valve 1/2""",Valves,195,206,11,0.05641025641025641
2023-08-28,2023-W35,VALV-001,"Ball Valve 1/2""",Valves,196,193,-3,0.015306122448979591
2023-09-04,2023-W36,VALV-001,"Ball Valve 1/2""",Valves,179,191,12,0.0670391061452514
2023-09-11,2023-W37,VALV-001,"Ball Valve 1/2""",Valves,285,282,-3,0.010526315789473684
2023-09-18,2023-W38,VALV-001,"Ball Valve 1/2""",Valves,179,210,31,0.17318435754189945
2023-09-25,2023-W39,VALV-001,"Ball Valve 1/2""",Valves,215,190,-25,0.11627906976744186
2023-10-02,2023-W40,VALV-001,"Ball Valve 1/2""",Valves,221,249,28,0.12669683257918551
2023-10-09,2023-W41,VALV-001,"Ball Valve 1/2""",Valves,223,241,18,0.08071748878923767
2023-10-16,2023-W42,VALV-001,"Ball Valve 1/2""",Valves,209,198,-11,0.05263157894736842
2023-10-23,2023-W43,VALV-001,"Ball Valve 1/2""",Valves,227,253,26,0.1145374449339207
2023-10-30,2023-W44,VALV-001,"Ball Valve 1/2""",Valves,217,237,20,0.09216589861751152
2023-11-06,2023-W45,VALV-001,"Ball Valve 1/2""",Valves,208,233,25,0.1201923076923077
2023-11-13,2023-W46,VALV-001,"Ball Valve 1/2""",Valves,239,224,-15,0.06276150627615062
2023-11-20,2023-W47,VALV-001,"Ball Valve 1/2""",Valves,223,252,29,0.13004484304932734
2023-11-27,2023-W48,VALV-001,"Ball Valve 1/2""",Valves,242,226,-16,0.06611570247933884
2023-12-04,2023-W49,VALV-001,"Ball Valve 1/2""",Valves,231,246,15,0.06493506493506493
2023-12-11,2023-W50,VALV-001,"Ball Valve 1/2""",Valves,258,290,32,0.12403100775193798
2023-12-18,2023-W51,VALV-001,"Ball Valve 1/2""",Valves,264,228,-36,0.13636363636363635
2023-12-25,2023-W52,VALV-001,"Ball Valve 1/2""",Valves,307,355,48,0.1563517915309446
2024-01-01,2024-W00,VALV-001,"Ball Valve 1/2""",Valves,329,365,36,0.1094224924012158
2024-01-08,2024-W01,VALV-001,"Ball Valve 1/2""",Valves,325,356,31,0.09538461538461539
2024-01-15,2024-W02,VALV-001,"Ball Valve 1/2""",Valves,351,370,19,0.05413105413105413
2024-01-22,2024-W03,VALV-001,"Ball Valve 1/2""",Valves,289,327,38,0.1314878892733564
2024-01-29,2024-W04,VALV-001,"Ball Valve 1/2""",Valves,292,258,-34,0.11643835616438356
2024-02-05,2024-W05,VALV-001,"Ball Valve 1/2""",Valves,339,355,16,0.0471976401179941
2024-02-12,2024-W06,VALV-001,"Ball Valve 1/2""",Valves,374,418,44,0.11764705882352941
2024-02-19,2024-W07,VALV-001,"Ball Valve 1/2""",Valves,342,349,7,0.02046783625730994
2024-02-26,2024-W08,VALV-001,"Ball Valve 1/2""",Valves,352,317,-35,0.09943181818181818
2024-03-04,2024-W09,VALV-001,"Ball Valve 1/2""",Valves,435,387,-48,0.1103448275862069
2024-03-11,2024-W10,VALV-001,"Ball Valve 1/2""",Valves,359,415,56,0.15598885793871867
2024-03-18,2024-W11,VALV-001,"Ball Valve 1/2""",Valves,338,376,38,0.11242603550295859
2024-03-25,2024-W12,VALV-001,"Ball Valve 1/2""",Valves,370,346,-24,0.06486486486486487
2024-04-01,2024-W13,VALV-001,"Ball Valve 1/2""",Valves,283,306,23,0.0812720848056537
2024-04-08,2024-W14,VALV-001,"Ball Valve 1/2""",Valves,371,320,-51,0.13746630727762804
2024-04-15,2024-W15,VALV-001,"Ball Valve 1/2""",Valves,425,448,23,0.05411764705882353
2024-04-22,2024-W16,VALV-001,"Ball Valve 1/2""",Valves,317,336,19,0.05993690851735016
2024-04-29,2024-W17,VALV-001,"Ball Valve 1/2""",Valves,452,466,14,0.030973451327433628
2024-05-06,2024-W18,VALV-001,"Ball Valve 1/2""",Valves,368,364,-4,0.010869565217391304
2024-05-13,2024-W19,VALV-001,"Ball Valve 1/2""",Valves,335,382,47,0.14029850746268657
2024-05-20,2024-W20,VALV-001,"Ball Valve 1/2""",Valves,419,451,32,0.07637231503579953
2024-05-27,2024-W21,VALV-001,"Ball Valve 1/2""",Valves,460,533,73,0.15869565217391304
2024-06-03,2024-W22,VALV-001,"Ball Valve 1/2""",Valves,376,405,29,0.07712765957446809
2024-06-10,2024-W23,VALV-001,"Ball Valve 1/2""",Valves,308,330,22,0.07142857142857142
2024-06-17,2024-W24,VALV-001,"Ball Valve 1/2""",Valves,390,433,43,0.11025641025641025
2024-06-24,2024-W25,VALV-001,"Ball Valve 1/2""",Valves,315,317,2,0.006349206349206349
2024-07-01,2024-W26,VALV-001,"Ball Valve 1/2""",Valves,313,363,50,0.1597444089456869
2024-07-08,2024-W27,VALV-001,"Ball Valve 1/2""",Valves,372,381,9,0.024193548387096774
2024-07-15,2024-W28,VALV-001,"Ball Valve 1/2""",Valves,320,289,-31,0.096875
2024-07-22,2024-W29,VALV-001,"Ball Valve 1/2""",Valves,338,357,19,0.05621301775147929
2024-07-29,2024-W30,VALV-001,"Ball Valve 1/2""",Valves,346,301,-45,0.13005780346820808
2024-08-05,2024-W31,VALV-001,"Ball Valve 1/2""",Valves,216,243,27,0.125
2024-08-12,2024-W32,VALV-001,"Ball Valve 1/2""",Valves,279,295,16,0.05734767025089606
2024-08-19,2024-W33,VALV-001,"Ball Valve 1/2""",Valves,314,351,37,0.1178343949044586
2024-08-26,2024-W34,VALV-001,"Ball Valve 1/2""",Valves,257,274,17,0.06614785992217899
2024-09-02,2024-W35,VALV-001,"Ball Valve 1/2""",Valves,296,272,-24,0.08108108108108109
2024-09-09,2024-W36,VALV-001,"Ball Valve 1/2""",Valves,240,248,8,0.03333333333333333
2024-09-16,2024-W37,VALV-001,"Ball Valve 1/2""",Valves,250,221,-29,0.116
2024-09-23,2024-W38,VALV-001,"Ball Valve 1/2""",Valves,266,245,-21,0.07894736842105263
2024-09-30,2024-W39,VALV-001,"Ball Valve 1/2""",Valves,287,290,3,0.010452961672473868
2024-10-07,2024-W40,VALV-001,"Ball Valve 1/2""",Valves,269,259,-10,0.03717472118959108
2024-10-14,2024-W41,VALV-001,"Ball Valve 1/2""",Valves,217,193,-24,0.11059907834101383
2024-10-21,2024-W42,VALV-001,"Ball Valve 1/2""",Valves,252,216,-36,0.14285714285714285
2024-10-28,2024-W43,VALV-001,"Ball Valve 1/2""",Valves,221,244,23,0.10407239819004525
2024-11-04,2024-W44,VALV-001,"Ball Valve 1/2""",Valves,316,325,9,0.028481012658227847
2024-11-11,2024-W45,VALV-001,"Ball Valve 1/2""",Valves,325,339,14,0.043076923076923075
2024-11-18,2024-W46,VALV-001,"Ball Valve 1/2""",Valves,269,288,19,0.07063197026022305
2024-11-25,2024-W47,VALV-001,"Ball Valve 1/2""",Valves,269,269,0,0.0
2024-12-02,2024-W48,VALV-001,"Ball Valve 1/2""",Valves,311,321,10,0.03215434083601286
2024-12-09,2024-W49,VALV-001,"Ball Valve 1/2""",Valves,356,401,45,0.12640449438202248
2024-12-16,2024-W50,VALV-001,"Ball Valve 1/2""",Valves,271,304,33,0.12177121771217712
2024-12-23,2024-W51,VALV-001,"Ball Valve 1/2""",Valves,315,323,8,0.025396825396825397
2024-12-30,2024-W52,VALV-001,"Ball Valve 1/2""",Valves,320,315,-5,0.015625
2023-01-02,2023-W01,VALV-002,Pressure Relief Valve,Valves,195,204,9,0.046153846153846156
2023-01-09,2023-W02,VALV-002,Pressure Relief Valve,Valves,239,209,-30,0.12552301255230125
2023-01-16,2023-W03,VALV-002,Pressure Relief Valve,Valves,221,224,3,0.013574660633484163
2023-01-23,2023-W04,VALV-002,Pressure Relief Valve,Valves,246,256,10,0.04065040650406504
2023-01-30,2023-W05,VALV-002,Pressure Relief Valve,Valves,238,273,35,0.14705882352941177
2023-02-06,2023-W06,VALV-002,Pressure Relief Valve,Valves,243,232,-11,0.04526748971193416
2023-02-13,2023-W07,VALV-002,Pressure Relief Valve,Valves,250,256,6,0.024
2023-02-20,2023-W08,VALV-002,Pressure Relief Valve,Valves,275,257,-18,0.06545454545454546
2023-02-27,2023-W09,VALV-002,Pressure Relief Valve,Valves,314,360,46,0.1464968152866242
2023-03-06,2023-W10,VALV-002,Pressure Relief Valve,Valves,270,308,38,0.14074074074074075
2023-03-13,2023-W11,VALV-002,Pressure Relief Valve,Valves,294,287,-7,0.023809523809523808
2023-03-20,2023-W12,VALV-002,Pressure Relief Valve,Valves,270,240,-30,0.1111111111111111
2023-03-27,2023-W13,VALV-002,Pressure Relief Valve,Valves,323,373,50,0.15479876160990713
2023-04-03,2023-W14,VALV-002,Pressure Relief Valve,Valves,332,322,-10,0.030120481927710843
2023-04-10,2023-W15,VALV-002,Pressure Relief Valve,Valves,275,235,-40,0.14545454545454545
2023-04-17,2023-W16,VALV-002,Pressure Relief Valve,Valves,285,307,22,0.07719298245614035
2023-04-24,2023-W17,VALV-002,Pressure Relief Valve,Valves,258,247,-11,0.04263565891472868
2023-05-01,2023-W18,VALV-002,Pressure Relief Valve,Valves,309,334,25,0.08090614886731391
2023-05-08,2023-W19,VALV-002,Pressure Relief Valve,Valves,309,312,3,0.009708737864077669
2023-05-15,2023-W20,VALV-002,Pressure Relief Valve,Valves,279,278,-1,0.0035842293906810036
2023-05-22,2023-W21,VALV-002,Pressure Relief Valve,Valves,304,278,-26,0.08552631578947369
2023-05-29,2023-W22,VALV-002,Pressure Relief Valve,Valves,276,292,16,0.057971014492753624
2023-06-05,2023-W23,VALV-002,Pressure Relief Valve,Valves,258,240,-18,0.06976744186046512
2023-06-12,2023-W24,VALV-002,Pressure Relief Valve,Valves,287,274,-13,0.04529616724738676
2023-06-19,2023-W25,VALV-002,Pressure Relief Valve,Valves,241,224,-17,0.07053941908713693
2023-06-26,2023-W26,VALV-002,Pressure Relief Valve,Valves,274,244,-30,0.10948905109489052
2023-07-03,2023-W27,VALV-002,Pressure Relief Valve,Valves,218,217,-1,0.0045871559633027525
2023-07-10,2023-W28,VALV-002,Pressure Relief Valve,Valves,279,295,16,0.05734767025089606
2023-07-17,2023-W29,VALV-002,Pressure Relief Valve,Valves,235,262,27,0.1148936170212766
2023-07-24,2023-W30,VALV-002,Pressure Relief Valve,Valves,233,219,-14,0.060085836909871244
2023-07-31,2023-W31,VALV-002,Pressure Relief Valve,Valves,232,208,-24,0.10344827586206896
2023-08-07,2023-W32,VALV-002,Pressure Relief Valve,Valves,184,188,4,0.021739130434782608
2023-08-14,2023-W33,VALV-002,Pressure Relief Valve,Valves,182,194,12,0.06593406593406594
2023-08-21,2023-W34,VALV-002,Pressure Relief Valve,Valves,236,226,-10,0.0423728813559322
2023-08-28,2023-W35,VALV-002,Pressure Relief Valve,Valves,190,179,-11,0.05789473684210526
2023-09-04,2023-W36,VALV-002,Pressure Relief Valve,Valves,177,155,-22,0.12429378531073447
2023-09-11,2023-W37,VALV-002,Pressure Relief Valve,Valves,186,183,-3,0.016129032258064516
2023-09-18,2023-W38,VALV-002,Pressure Relief Valve,Valves,187,164,-23,0.12299465240641712
2023-09-25,2023-W39,VALV-002,Pressure Relief Valve,Valves,189,213,24,0.12698412698412698
2023-10-02,2023-W40,VALV-002,Pressure Relief Valve,Valves,191,214,23,0.12041884816753927
2023-10-09,2023-W41,VALV-002,Pressure Relief Valve,Valves,205,201,-4,0.01951219512195122
2023-10-16,2023-W42,VALV-002,Pressure Relief Valve,Valves,180,185,5,0.027777777777777776
2023-10-23,2023-W43,VALV-002,Pressure Relief Valve,Valves,152,156,4,0.02631578947368421
2023-10-30,2023-W44,VALV-002,Pressure Relief Valve,Valves,191,219,28,0.14659685863874344
2023-11-06,2023-W45,VALV-002,Pressure Relief Valve,Valves,189,215,26,0.13756613756613756
2023-11-13,2023-W46,VALV-002,Pressure Relief Valve,Valves,183,185,2,0.01092896174863388
2023-11-20,2023-W47,VALV-002,Pressure Relief Valve,Valves,180,203,23,0.12777777777777777
2023-11-27,2023-W48,VALV-002,Pressure Relief Valve,Valves,220,197,-23,0.10454545454545454
2023-12-04,2023-W49,VALV-002,Pressure Relief Valve,Valves,212,197,-15,0.07075471698113207
2023-12-11,2023-W50,VALV-002,Pressure Relief Valve,Valves,196,189,-7,0.03571428571428571
2023-12-18,2023-W51,VALV-002,Pressure Relief Valve,Valves,223,209,-14,0.06278026905829596
2023-12-25,2023-W52,VALV-002,Pressure Relief Valve,Valves,240,233,-7,0.029166666666666667
2024-01-01,2024-W00,VALV-002,Pressure Relief Valve,Valves,220,227,7,0.031818181818181815
2024-01-08,2024-W01,VALV-002,Pressure Relief Valve,Valves,279,303,24,0.08602150537634409
2024-01-15,2024-W02,VALV-002,Pressure Relief Valve,Valves,213,195,-18,0.08450704225352113
2024-01-22,2024-W03,VALV-002,Pressure Relief Valve,Valves,251,248,-3,0.01195219123505976
2024-01-29,2024-W04,VALV-002,Pressure Relief Valve,Valves,267,243,-24,0.0898876404494382
2024-02-05,2024-W05,VALV-002,Pressure Relief Valve,Valves,259,289,30,0.11583011583011583
2024-02-12,2024-W06,VALV-002,Pressure Relief Valve,Valves,246,265,19,0.07723577235772358
2024-02-19,2024-W07,VALV-002,Pressure Relief Valve,Valves,267,290,23,0.08614232209737828
2024-02-26,2024-W08,VALV-002,Pressure Relief Valve,Valves,320,312,-8,0.025
2024-03-04,2024-W09,VALV-002,Pressure Relief Valve,Valves,317,371,54,0.17034700315457413
2024-03-11,2024-W10,VALV-002,Pressure Relief Valve,Valves,264,251,-13,0.04924242424242424
2024-03-18,2024-W11,VALV-002,Pressure Relief Valve,Valves,361,371,10,0.027700831024930747
2024-03-25,2024-W12,VALV-002,Pressure Relief Valve,Valves,288,324,36,0.125
2024-04-01,2024-W13,VALV-002,Pressure Relief Valve,Valves,322,364,42,0.13043478260869565
2024-04-08,2024-W14,VALV-002,Pressure Relief Valve,Valves,339,300,-39,0.11504424778761062
2024-04-15,2024-W15,VALV-002,Pressure Relief Valve,Valves,338,309,-29,0.08579881656804733
2024-04-22,2024-W16,VALV-002,Pressure Relief Valve,Valves,302,264,-38,0.12582781456953643
2024-04-29,2024-W17,VALV-002,Pressure Relief Valve,Valves,330,298,-32,0.09696969696969697
2024-05-06,2024-W18,VALV-002,Pressure Relief Valve,Valves,319,361,42,0.13166144200626959
2024-05-13,2024-W19,VALV-002,Pressure Relief Valve,Valves,312,350,38,0.12179487179487179
2024-05-20,2024-W20,VALV-002,Pressure Relief Valve,Valves,366,361,-5,0.01366120218579235
2024-05-27,2024-W21,VALV-002,Pressure Relief Valve,Valves,287,291,4,0.013937282229965157
2024-06-03,2024-W22,VALV-002,Pressure Relief Valve,Valves,259,265,6,0.023166023166023165
2024-06-10,2024-W23,VALV-002,Pressure Relief Valve,Valves,300,312,12,0.04
2024-06-17,2024-W24,VALV-002,Pressure Relief Valve,Valves,302,334,32,0.10596026490066225
2024-06-24,2024-W25,VALV-002,Pressure Relief Valve,Valves,309,304,-5,0.016181229773462782
2024-07-01,2024-W26,VALV-002,Pressure Relief Valve,Valves,227,258,31,0.13656387665198239
2024-07-08,2024-W27,VALV-002,Pressure Relief Valve,Valves,271,263,-8,0.02952029520295203
2024-07-15,2024-W28,VALV-002,Pressure Relief Valve,Valves,211,216,5,0.023696682464454975
2024-07-22,2024-W29,VALV-002,Pressure Relief Valve,Valves,248,255,7,0.028225806451612902
2024-07-29,2024-W30,VALV-002,Pressure Relief Valve,Valves,212,246,34,0.16037735849056603
2024-08-05,2024-W31,VALV-002,Pressure Relief Valve,Valves,207,176,-31,0.1497584541062802
2024-08-12,2024-W32,VALV-002,Pressure Relief Valve,Valves,257,219,-38,0.14785992217898833
2024-08-19,2024-W33,VALV-002,Pressure Relief Valve,Valves,204,174,-30,0.14705882352941177
2024-08-26,2024-W34,VALV-002,Pressure Relief Valve,Valves,157,169,12,0.07643312101910828
2024-09-02,2024-W35,VALV-002,Pressure Relief Valve,Valves,212,201,-11,0.05188679245283019
2024-09-09,2024-W36,VALV-002,Pressure Relief Valve,Valves,166,150,-16,0.0963855421686747
2024-09-16,2024-W37,VALV-002,Pressure Relief Valve,Valves,174,178,4,0.022988505747126436
2024-09-23,2024-W38,VALV-002,Pressure Relief Valve,Valves,193,176,-17,0.08808290155440414
2024-09-30,2024-W39,VALV-002,Pressure Relief Valve,Valves,178,190,12,0.06741573033707865
2024-10-07,2024-W40,VALV-002,Pressure Relief Valve,Valves,195,214,19,0.09743589743589744
2024-10-14,2024-W41,VALV-002,Pressure Relief Valve,Valves,193,168,-25,0.12953367875647667
2024-10-21,2024-W42,VALV-002,Pressure Relief Valve,Valves,176,184,8,0.045454545454545456
2024-10-28,2024-W43,VALV-002,Pressure Relief Valve,Valves,200,204,4,0.02
2024-11-04,2024-W44,VALV-002,Pressure Relief Valve,Valves,170,196,26,0.15294117647058825
2024-11-11,2024-W45,VALV-002,Pressure Relief Valve,Valves,250,245,-5,0.02
2024-11-18,2024-W46,VALV-002,Pressure Relief Valve,Valves,232,269,37,0.15948275862068967
2024-11-25,2024-W47,VALV-002,Pressure Relief Valve,Valves,191,215,24,0.1256544502617801
2024-12-02,2024-W48,VALV-002,Pressure Relief Valve,Valves,252,250,-2,0.007936507936507936
2024-12-09,2024-W49,VALV-002,Pressure Relief Valve,Valves,240,218,-22,0.09166666666666666
2024-12-16,2024-W50,VALV-002,Pressure Relief Valve,Valves,240,259,19,0.07916666666666666
2024-12-23,2024-W51,VALV-002,Pressure Relief Valve,Valves,208,197,-11,0.052884615384615384
2024-12-30,2024-W52,VALV-002,Pressure Relief Valve,Valves,207,225,18,0.08695652173913043
2023-01-02,2023-W01,FIXT-001,Push-Fit Connector,Fittings,125,122,-3,0.024
2023-01-09,2023-W02,FIXT-001,Push-Fit Connector,Fittings,112,121,9,0.08035714285714286
2023-01-16,2023-W03,FIXT-001,Push-Fit Connector,Fittings,127,131,4,0.031496062992125984
2023-01-23,2023-W04,FIXT-001,Push-Fit Connector,Fittings,124,110,-14,0.11290322580645161
2023-01-30,2023-W05,FIXT-001,Push-Fit Connector,Fittings,131,149,18,0.13740458015267176
2023-02-06,2023-W06,FIXT-001,Push-Fit Connector,Fittings,135,127,-8,0.05925925925925926
2023-02-13,2023-W07,FIXT-001,Push-Fit Connector,Fittings,113,98,-15,0.13274336283185842
2023-02-20,2023-W08,FIXT-001,Push-Fit Connector,Fittings,129,138,9,0.06976744186046512
2023-02-27,2023-W09,FIXT-001,Push-Fit Connector,Fittings,133,156,23,0.17293233082706766
2023-03-06,2023-W10,FIXT-001,Push-Fit Connector,Fittings,166,145,-21,0.12650602409638553
2023-03-13,2023-W11,FIXT-001,Push-Fit Connector,Fittings,142,141,-1,0.007042253521126761
2023-03-20,2023-W12,FIXT-001,Push-Fit Connector,Fittings,182,182,0,0.0
2023-03-27,2023-W13,FIXT-001,Push-Fit Connector,Fittings,165,179,14,0.08484848484848485
2023-04-03,2023-W14,FIXT-001,Push-Fit Connector,Fittings,140,132,-8,0.05714285714285714
2023-04-10,2023-W15,FIXT-001,Push-Fit Connector,Fittings,148,161,13,0.08783783783783784
2023-04-17,2023-W16,FIXT-001,Push-Fit Connector,Fittings,170,151,-19,0.11176470588235295
2023-04-24,2023-W17,FIXT-001,Push-Fit Connector,Fittings,147,153,6,0.04081632653061224
2023-05-01,2023-W18,FIXT-001,Push-Fit Connector,Fittings,137,145,8,0.058394160583941604
2023-05-08,2023-W19,FIXT-001,Push-Fit Connector,Fittings,140,136,-4,0.02857142857142857
2023-05-15,2023-W20,FIXT-001,Push-Fit Connector,Fittings,148,159,11,0.07432432432432433
2023-05-22,2023-W21,FIXT-001,Push-Fit Connector,Fittings,136,115,-21,0.15441176470588236
2023-05-29,2023-W22,FIXT-001,Push-Fit Connector,Fittings,157,172,15,0.09554140127388536
2023-06-05,2023-W23,FIXT-001,Push-Fit Connector,Fittings,170,161,-9,0.052941176470588235
2023-06-12,2023-W24,FIXT-001,Push-Fit Connector,Fittings,139,150,11,0.07913669064748201
2023-06-19,2023-W25,FIXT-001,Push-Fit Connector,Fittings,143,148,5,0.03496503496503497
2023-06-26,2023-W26,FIXT-001,Push-Fit Connector,Fittings,133,138,5,0.03759398496240601
2023-07-03,2023-W27,FIXT-001,Push-Fit Connector,Fittings,151,133,-18,0.11920529801324503
2023-07-10,2023-W28,FIXT-001,Push-Fit Connector,Fittings,114,132,18,0.15789473684210525
2023-07-17,2023-W29,FIXT-001,Push-Fit Connector,Fittings,123,143,20,0.16260162601626016
2023-07-24,2023-W30,FIXT-001,Push-Fit Connector,Fittings,127,115,-12,0.09448818897637795
2023-07-31,2023-W31,FIXT-001,Push-Fit Connector,Fittings,114,132,18,0.15789473684210525
2023-08-07,2023-W32,FIXT-001,Push-Fit Connector,Fittings,108,96,-12,0.1111111111111111
2023-08-14,2023-W33,FIXT-001,Push-Fit Connector,Fittings,116,106,-10,0.08620689655172414
2023-08-21,2023-W34,FIXT-001,Push-Fit Connector,Fittings,100,93,-7,0.07
2023-08-28,2023-W35,FIXT-001,Push-Fit Connector,Fittings,92,84,-8,0.08695652173913043
2023-09-04,2023-W36,FIXT-001,Push-Fit Connector,Fittings,103,96,-7,0.06796116504854369
2023-09-11,2023-W37,FIXT-001,Push-Fit Connector,Fittings,100,112,12,0.12
2023-09-18,2023-W38,FIXT-001,Push-Fit Connector,Fittings,95,89,-6,0.06315789473684211
2023-09-25,2023-W39,FIXT-001,Push-Fit Connector,Fittings,89,104,15,0.16853932584269662
2023-10-02,2023-W40,FIXT-001,Push-Fit Connector,Fittings,71,64,-7,0.09859154929577464
2023-10-09,2023-W41,FIXT-001,Push-Fit Connector,Fittings,102,119,17,0.16666666666666666
2023-10-16,2023-W42,FIXT-001,Push-Fit Connector,Fittings,83,74,-9,0.10843373493975904
2023-10-23,2023-W43,FIXT-001,Push-Fit Connector,Fittings,83,71,-12,0.14457831325301204
2023-10-30,2023-W44,FIXT-001,Push-Fit Connector,Fittings,83,87,4,0.04819277108433735
2023-11-06,2023-W45,FIXT-001,Push-Fit Connector,Fittings,103,89,-14,0.13592233009708737
2023-11-13,2023-W46,FIXT-001,Push-Fit Connector,Fittings,109,95,-14,0.12844036697247707
2023-11-20,2023-W47,FIXT-001,Push-Fit Connector,Fittings,87,96,9,0.10344827586206896
2023-11-27,2023-W48,FIXT-001,Push-Fit Connector,Fittings,85,76,-9,0.10588235294117647
2023-12-04,2023-W49,FIXT-001,Push-Fit Connector,Fittings,103,101,-2,0.019417475728155338
2023-12-11,2023-W50,FIXT-001,Push-Fit Connector,Fittings,99,98,-1,0.010101010101010102
2023-12-18,2023-W51,FIXT-001,Push-Fit Connector,Fittings,94,89,-5,0.05319148936170213
2023-12-25,2023-W52,FIXT-001,Push-Fit Connector,Fittings,117,135,18,0.15384615384615385
2024-01-01,2024-W00,FIXT-001,Push-Fit Connector,Fittings,127,119,-8,0.06299212598425197
2024-01-08,2024-W01,FIXT-001,Push-Fit Connector,Fittings,103,104,1,0.009708737864077669
2024-01-15,2024-W02,FIXT-001,Push-Fit Connector,Fittings,122,137,15,0.12295081967213115
2024-01-22,2024-W03,FIXT-001,Push-Fit Connector,Fittings,121,126,5,0.04132231404958678
2024-01-29,2024-W04,FIXT-001,Push-Fit Connector,Fittings,127,137,10,0.07874015748031496
2024-02-05,2024-W05,FIXT-001,Push-Fit Connector,Fittings,117,99,-18,0.15384615384615385
2024-02-12,2024-W06,FIXT-001,Push-Fit Connector,Fittings,148,149,1,0.006756756756756757
2024-02-19,2024-W07,FIXT-001,Push-Fit Connector,Fittings,130,123,-7,0.05384615384615385
2024-02-26,2024-W08,FIXT-001,Push-Fit Connector,Fittings,141,136,-5,0.03546099290780142
2024-03-04,2024-W09,FIXT-001,Push-Fit Connector,Fittings,128,138,10,0.078125
2024-03-11,2024-W10,FIXT-001,Push-Fit Connector,Fittings,136,122,-14,0.10294117647058823
2024-03-18,2024-W11,FIXT-001,Push-Fit Connector,Fittings,133,154,21,0.15789473684210525
2024-03-25,2024-W12,FIXT-001,Push-Fit Connector,Fittings,118,100,-18,0.15254237288135594
2024-04-01,2024-W13,FIXT-001,Push-Fit Connector,Fittings,131,117,-14,0.10687022900763359
2024-04-08,2024-W14,FIXT-001,Push-Fit Connector,Fittings,135,137,2,0.014814814814814815
2024-04-15,2024-W15,FIXT-001,Push-Fit Connector,Fittings,144,144,0,0.0
2024-04-22,2024-W16,FIXT-001,Push-Fit Connector,Fittings,156,155,-1,0.00641025641025641
2024-04-29,2024-W17,FIXT-001,Push-Fit Connector,Fittings,162,149,-13,0.08024691358024691
2024-05-06,2024-W18,FIXT-001,Push-Fit Connector,Fittings,154,138,-16,0.1038961038961039
2024-05-13,2024-W19,FIXT-001,Push-Fit Connector,Fittings,155,178,23,0.14838709677419354
2024-05-20,2024-W20,FIXT-001,Push-Fit Connector,Fittings,162,149,-13,0.08024691358024691
2024-05-27,2024-W21,FIXT-001,Push-Fit Connector,Fittings,142,143,1,0.007042253521126761
2024-06-03,2024-W22,FIXT-001,Push-Fit Connector,Fittings,144,123,-21,0.14583333333333334
2024-06-10,2024-W23,FIXT-001,Push-Fit Connector,Fittings,124,115,-9,0.07258064516129033
2024-06-17,2024-W24,FIXT-001,Push-Fit Connector,Fittings,130,130,0,0.0
2024-06-24,2024-W25,FIXT-001,Push-Fit Connector,Fittings,129,126,-3,0.023255813953488372
2024-07-01,2024-W26,FIXT-001,Push-Fit Connector,Fittings,120,135,15,0.125
2024-07-08,2024-W27,FIXT-001,Push-Fit Connector,Fittings,114,123,9,0.07894736842105263
2024-07-15,2024-W28,FIXT-001,Push-Fit Connector,Fittings,105,121,16,0.1523809523809524
2024-07-22,2024-W29,FIXT-001,Push-Fit Connector,Fittings,108,106,-2,0.018518518518518517
2024-07-29,2024-W30,FIXT-001,Push-Fit Connector,Fittings,111,127,16,0.14414414414414414
2024-08-05,2024-W31,FIXT-001,Push-Fit Connector,Fittings,82,80,-2,0.024390243902439025
2024-08-12,2024-W32,FIXT-001,Push-Fit Connector,Fittings,113,111,-2,0.017699115044247787
2024-08-19,2024-W33,FIXT-001,Push-Fit Connector,Fittings,102,94,-8,0.0784313725490196
2024-08-26,2024-W34,FIXT-001,Push-Fit Connector,Fittings,104,98,-6,0.057692307692307696
2024-09-02,2024-W35,FIXT-001,Push-Fit Connector,Fittings,96,110,14,0.14583333333333334
2024-09-09,2024-W36,FIXT-001,Push-Fit Connector,Fittings,96,110,14,0.14583333333333334
2024-09-16,2024-W37,FIXT-001,Push-Fit Connector,Fittings,83,87,4,0.04819277108433735
2024-09-23,2024-W38,FIXT-001,Push-Fit Connector,Fittings,93,84,-9,0.0967741935483871
2024-09-30,2024-W39,FIXT-001,Push-Fit Connector,Fittings,94,100,6,0.06382978723404255
2024-10-07,2024-W40,FIXT-001,Push-Fit Connector,Fittings,84,75,-9,0.10714285714285714
2024-10-14,2024-W41,FIXT-001,Push-Fit Connector,Fittings,77,76,-1,0.012987012987012988
2024-10-21,2024-W42,FIXT-001,Push-Fit Connector,Fittings,87,88,1,0.011494252873563218
2024-10-28,2024-W43,FIXT-001,Push-Fit Connector,Fittings,67,78,11,0.16417910447761194
2024-11-04,2024-W44,FIXT-001,Push-Fit Connector,Fittings,104,120,16,0.15384615384615385
2024-11-11,2024-W45,FIXT-001,Push-Fit Connector,Fittings,86,83,-3,0.03488372093023256
2024-11-18,2024-W46,FIXT-001,Push-Fit Connector,Fittings,86,84,-2,0.023255813953488372
2024-11-25,2024-W47,FIXT-001,Push-Fit Connector,Fittings,90,102,12,0.13333333333333333
2024-12-02,2024-W48,FIXT-001,Push-Fit Connector,Fittings,109,96,-13,0.11926605504587157
2024-12-09,2024-W49,FIXT-001,Push-Fit Connector,Fittings,81,70,-11,0.13580246913580246
2024-12-16,2024-W50,FIXT-001,Push-Fit Connector,Fittings,113,110,-3,0.02654867256637168
2024-12-23,2024-W51,FIXT-001,Push-Fit Connector,Fittings,80,83,3,0.0375
2024-12-30,2024-W52,FIXT-001,Push-Fit Connector,Fittings,116,123,7,0.0603448275862069
2023-01-02,2023-W01,FIXT-002,Elbow 90deg 15mm,Fittings,297,309,12,0.04040404040404041
2023-01-09,2023-W02,FIXT-002,Elbow 90deg 15mm,Fittings,232,236,4,0.017241379310344827
2023-01-16,2023-W03,FIXT-002,Elbow 90deg 15mm,Fittings,296,253,-43,0.14527027027027026
2023-01-23,2023-W04,FIXT-002,Elbow 90deg 15mm,Fittings,322,332,10,0.031055900621118012
2023-01-30,2023-W05,FIXT-002,Elbow 90deg 15mm,Fittings,278,277,-1,0.0035971223021582736
2023-02-06,2023-W06,FIXT-002,Elbow 90deg 15mm,Fittings,298,290,-8,0.026845637583892617
2023-02-13,2023-W07,FIXT-002,Elbow 90deg 15mm,Fittings,297,334,37,0.12457912457912458
2023-02-20,2023-W08,FIXT-002,Elbow 90deg 15mm,Fittings,330,323,-7,0.021212121212121213
2023-02-27,2023-W09,FIXT-002,Elbow 90deg 15mm,Fittings,349,394,45,0.12893982808022922
2023-03-06,2023-W10,FIXT-002,Elbow 90deg 15mm,Fittings,415,384,-31,0.0746987951807229
2023-03-13,2023-W11,FIXT-002,Elbow 90deg 15mm,Fittings,284,311,27,0.09507042253521127
2023-03-20,2023-W12,FIXT-002,Elbow 90deg 15mm,Fittings,411,455,44,0.1070559610705596
2023-03-27,2023-W13,FIXT-002,Elbow 90deg 15mm,Fittings,367,337,-30,0.08174386920980926
2023-04-03,2023-W14,FIXT-002,Elbow 90deg 15mm,Fittings,406,391,-15,0.03694581280788178
2023-04-10,2023-W15,FIXT-002,Elbow 90deg 15mm,Fittings,397,360,-37,0.09319899244332494
2023-04-17,2023-W16,FIXT-002,Elbow 90deg 15mm,Fittings,373,360,-13,0.03485254691689008
2023-04-24,2023-W17,FIXT-002,Elbow 90deg 15mm,Fittings,372,384,12,0.03225806451612903
2023-05-01,2023-W18,FIXT-002,Elbow 90deg 15mm,Fittings,376,351,-25,0.06648936170212766
2023-05-08,2023-W19,FIXT-002,Elbow 90deg 15mm,Fittings,354,327,-27,0.07627118644067797
2023-05-15,2023-W20,FIXT-002,Elbow 90deg 15mm,Fittings,357,328,-29,0.08123249299719888
2023-05-22,2023-W21,FIXT-002,Elbow 90deg 15mm,Fittings,234,219,-15,0.0641025641025641
2023-05-29,2023-W22,FIXT-002,Elbow 90deg 15mm,Fittings,386,426,40,0.10362694300518134
2023-06-05,2023-W23,FIXT-002,Elbow 90deg 15mm,Fittings,312,312,0,0.0
2023-06-12,2023-W24,FIXT-002,Elbow 90deg 15mm,Fittings,373,334,-39,0.10455764075067024
2023-06-19,2023-W25,FIXT-002,Elbow 90deg 15mm,Fittings,371,433,62,0.16711590296495957
2023-06-26,2023-W26,FIXT-002,Elbow 90deg 15mm,Fittings,323,294,-29,0.08978328173374613
2023-07-03,2023-W27,FIXT-002,Elbow 90deg 15mm,Fittings,319,284,-35,0.109717868338558
2023-07-10,2023-W28,FIXT-002,Elbow 90deg 15mm,Fittings,316,317,1,0.0031645569620253164
2023-07-17,2023-W29,FIXT-002,Elbow 90deg 15mm,Fittings,286,316,30,0.1048951048951049
2023-07-24,2023-W30,FIXT-002,Elbow 90deg 15mm,Fittings,323,347,24,0.07430340557275542
2023-07-31,2023-W31,FIXT-002,Elbow 90deg 15mm,Fittings,349,298,-51,0.14613180515759314
2023-08-07,2023-W32,FIXT-002,Elbow 90deg 15mm,Fittings,294,250,-44,0.14965986394557823
2023-08-14,2023-W33,FIXT-002,Elbow 90deg 15mm,Fittings,229,197,-32,0.13973799126637554
2023-08-21,2023-W34,FIXT-002,Elbow 90deg 15mm,Fittings,279,261,-18,0.06451612903225806
2023-08-28,2023-W35,FIXT-002,Elbow 90deg 15mm,Fittings,291,313,22,0.07560137457044673
2023-09-04,2023-W36,FIXT-002,Elbow 90deg 15mm,Fittings,224,193,-31,0.13839285714285715
2023-09-11,2023-W37,FIXT-002,Elbow 90deg 15mm,Fittings,264,305,41,0.1553030303030303
2023-09-18,2023-W38,FIXT-002,Elbow 90deg 15mm,Fittings,222,224,2,0.009009009009009009
2023-09-25,2023-W39,FIXT-002,Elbow 90deg 15mm,Fittings,234,258,24,0.10256410256410256
2023-10-02,2023-W40,FIXT-002,Elbow 90deg 15mm,Fittings,214,199,-15,0.07009345794392523
2023-10-09,2023-W41,FIXT-002,Elbow 90deg 15mm,Fittings,211,248,37,0.17535545023696683
2023-10-16,2023-W42,FIXT-002,Elbow 90deg 15mm,Fittings,239,276,37,0.15481171548117154
2023-10-23,2023-W43,FIXT-002,Elbow 90deg 15mm,Fittings,201,180,-21,0.1044776119402985
2023-10-30,2023-W44,FIXT-002,Elbow 90deg 15mm,Fittings,227,240,13,0.05726872246696035
2023-11-06,2023-W45,FIXT-002,Elbow 90deg 15mm,Fittings,251,276,25,0.099601593625498
2023-11-13,2023-W46,FIXT-002,Elbow 90deg 15mm,Fittings,226,205,-21,0.09292035398230089
2023-11-20,2023-W47,FIXT-002,Elbow 90deg 15mm,Fittings,272,269,-3,0.011029411764705883
2023-11-27,2023-W48,FIXT-002,Elbow 90deg 15mm,Fittings,240,246,6,0.025
2023-12-04,2023-W49,FIXT-002,Elbow 90deg 15mm,Fittings,312,367,55,0.1762820512820513
2023-12-11,2023-W50,FIXT-002,Elbow 90deg 15mm,Fittings,318,308,-10,0.031446540880503145
2023-12-18,2023-W51,FIXT-002,Elbow 90deg 15mm,Fittings,234,229,-5,0.021367521367521368
2023-12-25,2023-W52,FIXT-002,Elbow 90deg 15mm,Fittings,284,292,8,0.028169014084507043
2024-01-01,2024-W00,FIXT-002,Elbow 90deg 15mm,Fittings,319,352,33,0.10344827586206896
2024-01-08,2024-W01,FIXT-002,Elbow 90deg 15mm,Fittings,301,280,-21,0.06976744186046512
2024-01-15,2024-W02,FIXT-002,Elbow 90deg 15mm,Fittings,314,320,6,0.01910828025477707
2024-01-22,2024-W03,FIXT-002,Elbow 90deg 15mm,Fittings,400,462,62,0.155
2024-01-29,2024-W04,FIXT-002,Elbow 90deg 15mm,Fittings,332,352,20,0.060240963855421686
2024-02-05,2024-W05,FIXT-002,Elbow 90deg 15mm,Fittings,380,421,41,0.10789473684210527
2024-02-12,2024-W06,FIXT-002,Elbow 90deg 15mm,Fittings,350,320,-30,0.08571428571428572
2024-02-19,2024-W07,FIXT-002,Elbow 90deg 15mm,Fittings,370,382,12,0.032432432432432434
2024-02-26,2024-W08,FIXT-002,Elbow 90deg 15mm,Fittings,328,364,36,0.10975609756097561
2024-03-04,2024-W09,FIXT-002,Elbow 90deg 15mm,Fittings,414,486,72,0.17391304347826086
2024-03-11,2024-W10,FIXT-002,Elbow 90deg 15mm,Fittings,440,451,11,0.025
2024-03-18,2024-W11,FIXT-002,Elbow 90deg 15mm,Fittings,418,487,69,0.16507177033492823
2024-03-25,2024-W12,FIXT-002,Elbow 90deg 15mm,Fittings,359,387,28,0.07799442896935933
2024-04-01,2024-W13,FIXT-002,Elbow 90deg 15mm,Fittings,360,349,-11,0.030555555555555555
2024-04-08,2024-W14,FIXT-002,Elbow 90deg 15mm,Fittings,492,475,-17,0.034552845528455285
2024-04-15,2024-W15,FIXT-002,Elbow 90deg 15mm,Fittings,452,485,33,0.07300884955752213
2024-04-22,2024-W16,FIXT-002,Elbow 90deg 15mm,Fittings,429,392,-37,0.08624708624708624
2024-04-29,2024-W17,FIXT-002,Elbow 90deg 15mm,Fittings,459,462,3,0.006535947712418301
2024-05-06,2024-W18,FIXT-002,Elbow 90deg 15mm,Fittings,389,399,10,0.02570694087403599
2024-05-13,2024-W19,FIXT-002,Elbow 90deg 15mm,Fittings,418,411,-7,0.01674641148325359
2024-05-20,2024-W20,FIXT-002,Elbow 90deg 15mm,Fittings,437,500,63,0.14416475972540047
2024-05-27,2024-W21,FIXT-002,Elbow 90deg 15mm,Fittings,380,414,34,0.08947368421052632
2024-06-03,2024-W22,FIXT-002,Elbow 90deg 15mm,Fittings,379,423,44,0.11609498680738786
2024-06-10,2024-W23,FIXT-002,Elbow 90deg 15mm,Fittings,401,356,-45,0.11221945137157108
2024-06-17,2024-W24,FIXT-002,Elbow 90deg 15mm,Fittings,327,321,-6,0.01834862385321101
2024-06-24,2024-W25,FIXT-002,Elbow 90deg 15mm,Fittings,350,365,15,0.04285714285714286
2024-07-01,2024-W26,FIXT-002,Elbow 90deg 15mm,Fittings,357,362,5,0.014005602240896359
2024-07-08,2024-W27,FIXT-002,Elbow 90deg 15mm,Fittings,331,287,-44,0.13293051359516617
2024-07-15,2024-W28,FIXT-002,Elbow 90deg 15mm,Fittings,327,339,12,0.03669724770642202
2024-07-22,2024-W29,FIXT-002,Elbow 90deg 15mm,Fittings,323,282,-41,0.12693498452012383
2024-07-29,2024-W30,FIXT-002,Elbow 90deg 15mm,Fittings,362,374,12,0.03314917127071823
2024-08-05,2024-W31,FIXT-002,Elbow 90deg 15mm,Fittings,259,292,33,0.1274131274131274
2024-08-12,2024-W32,FIXT-002,Elbow 90deg 15mm,Fittings,273,279,6,0.02197802197802198
2024-08-19,2024-W33,FIXT-002,Elbow 90deg 15mm,Fittings,248,285,37,0.14919354838709678
2024-08-26,2024-W34,FIXT-002,Elbow 90deg 15mm,Fittings,277,251,-26,0.09386281588447654
2024-09-02,2024-W35,FIXT-002,Elbow 90deg 15mm,Fittings,260,243,-17,0.06538461538461539
2024-09-09,2024-W36,FIXT-002,Elbow 90deg 15mm,Fittings,210,193,-17,0.08095238095238096
2024-09-16,2024-W37,FIXT-002,Elbow 90deg 15mm,Fittings,237,205,-32,0.1350210970464135
2024-09-23,2024-W38,FIXT-002,Elbow 90deg 15mm,Fittings,263,255,-8,0.030418250950570342
2024-09-30,2024-W39,FIXT-002,Elbow 90deg 15mm,Fittings,269,266,-3,0.011152416356877323
2024-10-07,2024-W40,FIXT-002,Elbow 90deg 15mm,Fittings,290,300,10,0.034482758620689655
2024-10-14,2024-W41,FIXT-002,Elbow 90deg 15mm,Fittings,262,227,-35,0.13358778625954199
2024-10-21,2024-W42,FIXT-002,Elbow 90deg 15mm,Fittings,243,260,17,0.06995884773662552
2024-10-28,2024-W43,FIXT-002,Elbow 90deg 15mm,Fittings,251,228,-23,0.09163346613545817
2024-11-04,2024-W44,FIXT-002,Elbow 90deg 15mm,Fittings,263,249,-14,0.053231939163498096
2024-11-11,2024-W45,FIXT-002,Elbow 90deg 15mm,Fittings,248,277,29,0.11693548387096774
2024-11-18,2024-W46,FIXT-002,Elbow 90deg 15mm,Fittings,266,289,23,0.08646616541353383
2024-11-25,2024-W47,FIXT-002,Elbow 90deg 15mm,Fittings,248,269,21,0.0846774193548387
2024-12-02,2024-W48,FIXT-002,Elbow 90deg 15mm,Fittings,300,322,22,0.07333333333333333
2024-12-09,2024-W49,FIXT-002,Elbow 90deg 15mm,Fittings,290,260,-30,0.10344827586206896
2024-12-16,2024-W50,FIXT-002,Elbow 90deg 15mm,Fittings,285,294,9,0.031578947368421054
2024-12-23,2024-W51,FIXT-002,Elbow 90deg 15mm,Fittings,287,323,36,0.1254355400696864
2024-12-30,2024-W52,FIXT-002,Elbow 90deg 15mm,Fittings,314,266,-48,0.15286624203821655
2023-01-02,2023-W01,SEAL-001,EPDM O-Ring Pack,Seals,220,196,-24,0.10909090909090909
2023-01-09,2023-W02,SEAL-001,EPDM O-Ring Pack,Seals,223,245,22,0.09865470852017937
2023-01-16,2023-W03,SEAL-001,EPDM O-Ring Pack,Seals,197,184,-13,0.06598984771573604
2023-01-23,2023-W04,SEAL-001,EPDM O-Ring Pack,Seals,223,259,36,0.16143497757847533
2023-01-30,2023-W05,SEAL-001,EPDM O-Ring Pack,Seals,242,230,-12,0.049586776859504134
2023-02-06,2023-W06,SEAL-001,EPDM O-Ring Pack,Seals,248,255,7,0.028225806451612902
2023-02-13,2023-W07,SEAL-001,EPDM O-Ring Pack,Seals,256,271,15,0.05859375
2023-02-20,2023-W08,SEAL-001,EPDM O-Ring Pack,Seals,246,228,-18,0.07317073170731707
2023-02-27,2023-W09,SEAL-001,EPDM O-Ring Pack,Seals,305,328,23,0.07540983606557378
2023-03-06,2023-W10,SEAL-001,EPDM O-Ring Pack,Seals,307,339,32,0.10423452768729642
2023-03-13,2023-W11,SEAL-001,EPDM O-Ring Pack,Seals,298,349,51,0.17114093959731544
2023-03-20,2023-W12,SEAL-001,EPDM O-Ring Pack,Seals,230,263,33,0.14347826086956522
2023-03-27,2023-W13,SEAL-001,EPDM O-Ring Pack,Seals,278,308,30,0.1079136690647482
2023-04-03,2023-W14,SEAL-001,EPDM O-Ring Pack,Seals,305,321,16,0.05245901639344262
2023-04-10,2023-W15,SEAL-001,EPDM O-Ring Pack,Seals,261,228,-33,0.12643678160919541
2023-04-17,2023-W16,SEAL-001,EPDM O-Ring Pack,Seals,310,349,39,0.12580645161290321
2023-04-24,2023-W17,SEAL-001,EPDM O-Ring Pack,Seals,262,301,39,0.14885496183206107
2023-05-01,2023-W18,SEAL-001,EPDM O-Ring Pack,Seals,280,281,1,0.0035714285714285713
2023-05-08,2023-W19,SEAL-001,EPDM O-Ring Pack,Seals,309,316,7,0.022653721682847898
2023-05-15,2023-W20,SEAL-001,EPDM O-Ring Pack,Seals,292,282,-10,0.03424657534246575
2023-05-22,2023-W21,SEAL-001,EPDM O-Ring Pack,Seals,281,268,-13,0.046263345195729534
2023-05-29,2023-W22,SEAL-001,EPDM O-Ring Pack,Seals,330,359,29,0.08787878787878788
2023-06-05,2023-W23,SEAL-001,EPDM O-Ring Pack,Seals,285,334,49,0.17192982456140352
2023-06-12,2023-W24,SEAL-001,EPDM O-Ring Pack,Seals,286,317,31,0.10839160839160839
2023-06-19,2023-W25,SEAL-001,EPDM O-Ring Pack,Seals,285,242,-43,0.15087719298245614
2023-06-26,2023-W26,SEAL-001,EPDM O-Ring Pack,Seals,282,273,-9,0.031914893617021274
2023-07-03,2023-W27,SEAL-001,EPDM O-Ring Pack,Seals,257,233,-24,0.0933852140077821
2023-07-10,2023-W28,SEAL-001,EPDM O-Ring Pack,Seals,279,265,-14,0.05017921146953405
2023-07-17,2023-W29,SEAL-001,EPDM O-Ring Pack,Seals,263,295,32,0.12167300380228137
2023-07-24,2023-W30,SEAL-001,EPDM O-Ring Pack,Seals,198,229,31,0.15656565656565657
2023-07-31,2023-W31,SEAL-001,EPDM O-Ring Pack,Seals,261,262,1,0.0038314176245210726
2023-08-07,2023-W32,SEAL-001,EPDM O-Ring Pack,Seals,225,220,-5,0.022222222222222223
2023-08-14,2023-W33,SEAL-001,EPDM O-Ring Pack,Seals,250,222,-28,0.112
2023-08-21,2023-W34,SEAL-001,EPDM O-Ring Pack,Seals,185,192,7,0.03783783783783784
2023-08-28,2023-W35,SEAL-001,EPDM O-Ring Pack,Seals,202,235,33,0.16336633663366337
2023-09-04,2023-W36,SEAL-001,EPDM O-Ring Pack,Seals,232,243,11,0.04741379310344827
2023-09-11,2023-W37,SEAL-001,EPDM O-Ring Pack,Seals,193,207,14,0.07253886010362694
2023-09-18,2023-W38,SEAL-001,EPDM O-Ring Pack,Seals,166,158,-8,0.04819277108433735
2023-09-25,2023-W39,SEAL-001,EPDM O-Ring Pack,Seals,200,232,32,0.16
2023-10-02,2023-W40,SEAL-001,EPDM O-Ring Pack,Seals,174,175,1,0.005747126436781609
2023-10-09,2023-W41,SEAL-001,EPDM O-Ring Pack,Seals,198,196,-2,0.010101010101010102
2023-10-16,2023-W42,SEAL-001,EPDM O-Ring Pack,Seals,175,163,-12,0.06857142857142857
2023-10-23,2023-W43,SEAL-001,EPDM O-Ring Pack,Seals,212,192,-20,0.09433962264150944
2023-10-30,2023-W44,SEAL-001,EPDM O-Ring Pack,Seals,207,238,31,0.1497584541062802
2023-11-06,2023-W45,SEAL-001,EPDM O-Ring Pack,Seals,208,202,-6,0.028846153846153848
2023-11-13,2023-W46,SEAL-001,EPDM O-Ring Pack,Seals,197,170,-27,0.13705583756345177
2023-11-20,2023-W47,SEAL-001,EPDM O-Ring Pack,Seals,217,227,10,0.04608294930875576
2023-11-27,2023-W48,SEAL-001,EPDM O-Ring Pack,Seals,222,224,2,0.009009009009009009
2023-12-04,2023-W49,SEAL-001,EPDM O-Ring Pack,Seals,228,225,-3,0.013157894736842105
2023-12-11,2023-W50,SEAL-001,EPDM O-Ring Pack,Seals,219,226,7,0.0319634703196347
2023-12-18,2023-W51,SEAL-001,EPDM O-Ring Pack,Seals,239,250,11,0.04602510460251046
2023-12-25,2023-W52,SEAL-001,EPDM O-Ring Pack,Seals,227,249,22,0.09691629955947137
2024-01-01,2024-W00,SEAL-001,EPDM O-Ring Pack,Seals,265,226,-39,0.1471698113207547
2024-01-08,2024-W01,SEAL-001,EPDM O-Ring Pack,Seals,280,241,-39,0.1392857142857143
2024-01-15,2024-W02,SEAL-001,EPDM O-Ring Pack,Seals,235,244,9,0.03829787234042553
2024-01-22,2024-W03,SEAL-001,EPDM O-Ring Pack,Seals,289,264,-25,0.08650519031141868
2024-01-29,2024-W04,SEAL-001,EPDM O-Ring Pack,Seals,266,311,45,0.16917293233082706
2024-02-05,2024-W05,SEAL-001,EPDM O-Ring Pack,Seals,246,259,13,0.052845528455284556
2024-02-12,2024-W06,SEAL-001,EPDM O-Ring Pack,Seals,280,309,29,0.10357142857142858
2024-02-19,2024-W07,SEAL-001,EPDM O-Ring Pack,Seals,270,306,36,0.13333333333333333
2024-02-26,2024-W08,SEAL-001,EPDM O-Ring Pack,Seals,308,262,-46,0.14935064935064934
2024-03-04,2024-W09,SEAL-001,EPDM O-Ring Pack,Seals,327,310,-17,0.05198776758409786
2024-03-11,2024-W10,SEAL-001,EPDM O-Ring Pack,Seals,309,274,-35,0.11326860841423948
2024-03-18,2024-W11,SEAL-001,EPDM O-Ring Pack,Seals,403,391,-12,0.02977667493796526
2024-03-25,2024-W12,SEAL-001,EPDM O-Ring Pack,Seals,331,378,47,0.1419939577039275
2024-04-01,2024-W13,SEAL-001,EPDM O-Ring Pack,Seals,333,380,47,0.14114114114114115
2024-04-08,2024-W14,SEAL-001,EPDM O-Ring Pack,Seals,329,335,6,0.0182370820668693
2024-04-15,2024-W15,SEAL-001,EPDM O-Ring Pack,Seals,405,362,-43,0.10617283950617284
2024-04-22,2024-W16,SEAL-001,EPDM O-Ring Pack,Seals,306,343,37,0.12091503267973856
2024-04-29,2024-W17,SEAL-001,EPDM O-Ring Pack,Seals,325,374,49,0.15076923076923077
2024-05-06,2024-W18,SEAL-001,EPDM O-Ring Pack,Seals,393,349,-44,0.11195928753180662
2024-05-13,2024-W19,SEAL-001,EPDM O-Ring Pack,Seals,345,362,17,0.04927536231884058
2024-05-20,2024-W20,SEAL-001,EPDM O-Ring Pack,Seals,322,299,-23,0.07142857142857142
2024-05-27,2024-W21,SEAL-001,EPDM O-Ring Pack,Seals,399,454,55,0.13784461152882205
2024-06-03,2024-W22,SEAL-001,EPDM O-Ring Pack,Seals,327,366,39,0.11926605504587157
2024-06-10,2024-W23,SEAL-001,EPDM O-Ring Pack,Seals,322,378,56,0.17391304347826086
2024-06-17,2024-W24,SEAL-001,EPDM O-Ring Pack,Seals,288,294,6,0.020833333333333332
2024-06-24,2024-W25,SEAL-001,EPDM O-Ring Pack,Seals,304,321,17,0.05592105263157895
2024-07-01,2024-W26,SEAL-001,EPDM O-Ring Pack,Seals,237,272,35,0.14767932489451477
2024-07-08,2024-W27,SEAL-001,EPDM O-Ring Pack,Seals,296,253,-43,0.14527027027027026
2024-07-15,2024-W28,SEAL-001,EPDM O-Ring Pack,Seals,320,352,32,0.1
2024-07-22,2024-W29,SEAL-001,EPDM O-Ring Pack,Seals,258,254,-4,0.015503875968992248
2024-07-29,2024-W30,SEAL-001,EPDM O-Ring Pack,Seals,285,248,-37,0.12982456140350876
2024-08-05,2024-W31,SEAL-001,EPDM O-Ring Pack,Seals,246,217,-29,0.11788617886178862
2024-08-12,2024-W32,SEAL-001,EPDM O-Ring Pack,Seals,217,209,-8,0.03686635944700461
2024-08-19,2024-W33,SEAL-001,EPDM O-Ring Pack,Seals,278,280,2,0.007194244604316547
2024-08-26,2024-W34,SEAL-001,EPDM O-Ring Pack,Seals,212,201,-11,0.05188679245283019
2024-09-02,2024-W35,SEAL-001,EPDM O-Ring Pack,Seals,213,199,-14,0.06572769953051644
2024-09-09,2024-W36,SEAL-001,EPDM O-Ring Pack,Seals,279,282,3,0.010752688172043012
2024-09-16,2024-W37,SEAL-001,EPDM O-Ring Pack,Seals,243,239,-4,0.01646090534979424
2024-09-23,2024-W38,SEAL-001,EPDM O-Ring Pack,Seals,225,216,-9,0.04
2024-09-30,2024-W39,SEAL-001,EPDM O-Ring Pack,Seals,194,199,5,0.02577319587628866
2024-10-07,2024-W40,SEAL-001,EPDM O-Ring Pack,Seals,243,243,0,0.0
2024-10-14,2024-W41,SEAL-001,EPDM O-Ring Pack,Seals,251,259,8,0.03187250996015936
2024-10-21,2024-W42,SEAL-001,EPDM O-Ring Pack,Seals,190,203,13,0.06842105263157895
2024-10-28,2024-W43,SEAL-001,EPDM O-Ring Pack,Seals,236,258,22,0.09322033898305085
2024-11-04,2024-W44,SEAL-001,EPDM O-Ring Pack,Seals,256,218,-38,0.1484375
2024-11-11,2024-W45,SEAL-001,EPDM O-Ring Pack,Seals,263,298,35,0.13307984790874525
2024-11-18,2024-W46,SEAL-001,EPDM O-Ring Pack,Seals,237,202,-35,0.14767932489451477
2024-11-25,2024-W47,SEAL-001,EPDM O-Ring Pack,Seals,228,242,14,0.06140350877192982
2024-12-02,2024-W48,SEAL-001,EPDM O-Ring Pack,Seals,225,199,-26,0.11555555555555555
2024-12-09,2024-W49,SEAL-001,EPDM O-Ring Pack,Seals,253,251,-2,0.007905138339920948
2024-12-16,2024-W50,SEAL-001,EPDM O-Ring Pack,Seals,261,275,14,0.05363984674329502
2024-12-23,2024-W51,SEAL-001,EPDM O-Ring Pack,Seals,235,263,28,0.11914893617021277
2024-12-30,2024-W52,SEAL-001,EPDM O-Ring Pack,Seals,251,238,-13,0.05179282868525897
2023-01-02,2023-W01,SEAL-002,Press Fitting Seal,Seals,158,182,24,0.1518987341772152
2023-01-09,2023-W02,SEAL-002,Press Fitting Seal,Seals,182,201,19,0.1043956043956044
2023-01-16,2023-W03,SEAL-002,Press Fitting Seal,Seals,135,149,14,0.1037037037037037
2023-01-23,2023-W04,SEAL-002,Press Fitting Seal,Seals,175,171,-4,0.022857142857142857
2023-01-30,2023-W05,SEAL-002,Press Fitting Seal,Seals,158,180,22,0.13924050632911392
2023-02-06,2023-W06,SEAL-002,Press Fitting Seal,Seals,163,141,-22,0.13496932515337423
2023-02-13,2023-W07,SEAL-002,Press Fitting Seal,Seals,160,178,18,0.1125
2023-02-20,2023-W08,SEAL-002,Press Fitting Seal,Seals,152,140,-12,0.07894736842105263
2023-02-27,2023-W09,SEAL-002,Press Fitting Seal,Seals,170,195,25,0.14705882352941177
2023-03-06,2023-W10,SEAL-002,Press Fitting Seal,Seals,197,207,10,0.050761421319796954
2023-03-13,2023-W11,SEAL-002,Press Fitting Seal,Seals,217,218,1,0.004608294930875576
2023-03-20,2023-W12,SEAL-002,Press Fitting Seal,Seals,208,185,-23,0.11057692307692307
2023-03-27,2023-W13,SEAL-002,Press Fitting Seal,Seals,190,187,-3,0.015789473684210527
2023-04-03,2023-W14,SEAL-002,Press Fitting Seal,Seals,199,199,0,0.0
2023-04-10,2023-W15,SEAL-002,Press Fitting Seal,Seals,157,160,3,0.01910828025477707
2023-04-17,2023-W16,SEAL-002,Press Fitting Seal,Seals,202,187,-15,0.07425742574257425
2023-04-24,2023-W17,SEAL-002,Press Fitting Seal,Seals,178,162,-16,0.0898876404494382
2023-05-01,2023-W18,SEAL-002,Press Fitting Seal,Seals,234,255,21,0.08974358974358974
2023-05-08,2023-W19,SEAL-002,Press Fitting Seal,Seals,175,187,12,0.06857142857142857
2023-05-15,2023-W20,SEAL-002,Press Fitting Seal,Seals,151,147,-4,0.026490066225165563
2023-05-22,2023-W21,SEAL-002,Press Fitting Seal,Seals,185,196,11,0.05945945945945946
2023-05-29,2023-W22,SEAL-002,Press Fitting Seal,Seals,222,252,30,0.13513513513513514
2023-06-05,2023-W23,SEAL-002,Press Fitting Seal,Seals,183,165,-18,0.09836065573770492
2023-06-12,2023-W24,SEAL-002,Press Fitting Seal,Seals,190,180,-10,0.05263157894736842
2023-06-19,2023-W25,SEAL-002,Press Fitting Seal,Seals,166,142,-24,0.14457831325301204
2023-06-26,2023-W26,SEAL-002,Press Fitting Seal,Seals,180,208,28,0.15555555555555556
2023-07-03,2023-W27,SEAL-002,Press Fitting Seal,Seals,170,184,14,0.08235294117647059
2023-07-10,2023-W28,SEAL-002,Press Fitting Seal,Seals,153,141,-12,0.0784313725490196
2023-07-17,2023-W29,SEAL-002,Press Fitting Seal,Seals,175,178,3,0.017142857142857144
2023-07-24,2023-W30,SEAL-002,Press Fitting Seal,Seals,156,149,-7,0.04487179487179487
2023-07-31,2023-W31,SEAL-002,Press Fitting Seal,Seals,151,136,-15,0.09933774834437085
2023-08-07,2023-W32,SEAL-002,Press Fitting Seal,Seals,154,139,-15,0.09740259740259741
2023-08-14,2023-W33,SEAL-002,Press Fitting Seal,Seals,136,116,-20,0.14705882352941177
2023-08-21,2023-W34,SEAL-002,Press Fitting Seal,Seals,149,142,-7,0.04697986577181208
2023-08-28,2023-W35,SEAL-002,Press Fitting Seal,Seals,147,130,-17,0.11564625850340136
2023-09-04,2023-W36,SEAL-002,Press Fitting Seal,Seals,142,157,15,0.1056338028169014
2023-09-11,2023-W37,SEAL-002,Press Fitting Seal,Seals,133,140,7,0.05263157894736842
2023-09-18,2023-W38,SEAL-002,Press Fitting Seal,Seals,137,120,-17,0.12408759124087591
2023-09-25,2023-W39,SEAL-002,Press Fitting Seal,Seals,106,113,7,0.0660377358490566
2023-10-02,2023-W40,SEAL-002,Press Fitting Seal,Seals,149,165,16,0.10738255033557047
2023-10-09,2023-W41,SEAL-002,Press Fitting Seal,Seals,132,120,-12,0.09090909090909091
2023-10-16,2023-W42,SEAL-002,Press Fitting Seal,Seals,128,122,-6,0.046875
2023-10-23,2023-W43,SEAL-002,Press Fitting Seal,Seals,105,119,14,0.13333333333333333
2023-10-30,2023-W44,SEAL-002,Press Fitting Seal,Seals,146,152,6,0.0410958904109589
2023-11-06,2023-W45,SEAL-002,Press Fitting Seal,Seals,132,145,13,0.09848484848484848
2023-11-13,2023-W46,SEAL-002,Press Fitting Seal,Seals,147,138,-9,0.061224489795918366
2023-11-20,2023-W47,SEAL-002,Press Fitting Seal,Seals,127,130,3,0.023622047244094488
2023-11-27,2023-W48,SEAL-002,Press Fitting Seal,Seals,132,126,-6,0.045454545454545456
2023-12-04,2023-W49,SEAL-002,Press Fitting Seal,Seals,128,120,-8,0.0625
2023-12-11,2023-W50,SEAL-002,Press Fitting Seal,Seals,160,136,-24,0.15
2023-12-18,2023-W51,SEAL-002,Press Fitting Seal,Seals,149,155,6,0.040268456375838924
2023-12-25,2023-W52,SEAL-002,Press Fitting Seal,Seals,167,146,-21,0.12574850299401197
2024-01-01,2024-W00,SEAL-002,Press Fitting Seal,Seals,173,185,12,0.06936416184971098
2024-01-08,2024-W01,SEAL-002,Press Fitting Seal,Seals,193,224,31,0.16062176165803108
2024-01-15,2024-W02,SEAL-002,Press Fitting Seal,Seals,195,218,23,0.11794871794871795
2024-01-22,2024-W03,SEAL-002,Press Fitting Seal,Seals,173,169,-4,0.023121387283236993
2024-01-29,2024-W04,SEAL-002,Press Fitting Seal,Seals,164,156,-8,0.04878048780487805
2024-02-05,2024-W05,SEAL-002,Press Fitting Seal,Seals,154,152,-2,0.012987012987012988
2024-02-12,2024-W06,SEAL-002,Press Fitting Seal,Seals,179,209,30,0.16759776536312848
2024-02-19,2024-W07,SEAL-002,Press Fitting Seal,Seals,243,273,30,0.12345679012345678
2024-02-26,2024-W08,SEAL-002,Press Fitting Seal,Seals,190,184,-6,0.031578947368421054
2024-03-04,2024-W09,SEAL-002,Press Fitting Seal,Seals,173,168,-5,0.028901734104046242
2024-03-11,2024-W10,SEAL-002,Press Fitting Seal,Seals,183,211,28,0.15300546448087432
2024-03-18,2024-W11,SEAL-002,Press Fitting Seal,Seals,211,186,-25,0.11848341232227488
2024-03-25,2024-W12,SEAL-002,Press Fitting Seal,Seals,195,205,10,0.05128205128205128
2024-04-01,2024-W13,SEAL-002,Press Fitting Seal,Seals,224,190,-34,0.15178571428571427
2024-04-08,2024-W14,SEAL-002,Press Fitting Seal,Seals,197,188,-9,0.04568527918781726
2024-04-15,2024-W15,SEAL-002,Press Fitting Seal,Seals,219,256,37,0.1689497716894977
2024-04-22,2024-W16,SEAL-002,Press Fitting Seal,Seals,268,305,37,0.13805970149253732
2024-04-29,2024-W17,SEAL-002,Press Fitting Seal,Seals,214,241,27,0.1261682242990654
2024-05-06,2024-W18,SEAL-002,Press Fitting Seal,Seals,215,247,32,0.14883720930232558
2024-05-13,2024-W19,SEAL-002,Press Fitting Seal,Seals,214,252,38,0.17757009345794392
2024-05-20,2024-W20,SEAL-002,Press Fitting Seal,Seals,223,208,-15,0.06726457399103139
2024-05-27,2024-W21,SEAL-002,Press Fitting Seal,Seals,230,213,-17,0.07391304347826087
2024-06-03,2024-W22,SEAL-002,Press Fitting Seal,Seals,208,239,31,0.14903846153846154
2024-06-10,2024-W23,SEAL-002,Press Fitting Seal,Seals,206,211,5,0.024271844660194174
2024-06-17,2024-W24,SEAL-002,Press Fitting Seal,Seals,199,200,1,0.005025125628140704
2024-06-24,2024-W25,SEAL-002,Press Fitting Seal,Seals,219,199,-20,0.091324200913242
2024-07-01,2024-W26,SEAL-002,Press Fitting Seal,Seals,164,169,5,0.03048780487804878
2024-07-08,2024-W27,SEAL-002,Press Fitting Seal,Seals,173,160,-13,0.07514450867052024
2024-07-15,2024-W28,SEAL-002,Press Fitting Seal,Seals,155,156,1,0.0064516129032258064
2024-07-22,2024-W29,SEAL-002,Press Fitting Seal,Seals,190,197,7,0.03684210526315789
2024-07-29,2024-W30,SEAL-002,Press Fitting Seal,Seals,196,172,-24,0.12244897959183673
2024-08-05,2024-W31,SEAL-002,Press Fitting Seal,Seals,146,161,15,0.10273972602739725
2024-08-12,2024-W32,SEAL-002,Press Fitting Seal,Seals,169,157,-12,0.07100591715976332
2024-08-19,2024-W33,SEAL-002,Press Fitting Seal,Seals,132,149,17,0.12878787878787878
2024-08-26,2024-W34,SEAL-002,Press Fitting Seal,Seals,145,129,-16,0.1103448275862069
2024-09-02,2024-W35,SEAL-002,Press Fitting Seal,Seals,129,139,10,0.07751937984496124
2024-09-09,2024-W36,SEAL-002,Press Fitting Seal,Seals,148,170,22,0.14864864864864866
2024-09-16,2024-W37,SEAL-002,Press Fitting Seal,Seals,138,159,21,0.15217391304347827
2024-09-23,2024-W38,SEAL-002,Press Fitting Seal,Seals,105,107,2,0.01904761904761905
2024-09-30,2024-W39,SEAL-002,Press Fitting Seal,Seals,185,199,14,0.07567567567567568
2024-10-07,2024-W40,SEAL-002,Press Fitting Seal,Seals,134,118,-16,0.11940298507462686
2024-10-14,2024-W41,SEAL-002,Press Fitting Seal,Seals,136,118,-18,0.1323529411764706
2024-10-21,2024-W42,SEAL-002,Press Fitting Seal,Seals,158,175,17,0.10759493670886076
2024-10-28,2024-W43,SEAL-002,Press Fitting Seal,Seals,129,136,7,0.05426356589147287
2024-11-04,2024-W44,SEAL-002,Press Fitting Seal,Seals,143,163,20,0.13986013986013987
2024-11-11,2024-W45,SEAL-002,Press Fitting Seal,Seals,165,160,-5,0.030303030303030304
2024-11-18,2024-W46,SEAL-002,Press Fitting Seal,Seals,141,147,6,0.0425531914893617
2024-11-25,2024-W47,SEAL-002,Press Fitting Seal,Seals,124,142,18,0.14516129032258066
2024-12-02,2024-W48,SEAL-002,Press Fitting Seal,Seals,187,190,3,0.016042780748663103
2024-12-09,2024-W49,SEAL-002,Press Fitting Seal,Seals,167,169,2,0.011976047904191617
2024-12-16,2024-W50,SEAL-002,Press Fitting Seal,Seals,166,150,-16,0.0963855421686747
2024-12-23,2024-W51,SEAL-002,Press Fitting Seal,Seals,189,209,20,0.10582010582010581
2024-12-30,2024-W52,SEAL-002,Press Fitting Seal,Seals,168,186,18,0.10714285714285714
